-- phpMyAdmin SQL Dump
-- version 4.9.5
-- https://www.phpmyadmin.net/
--
-- Host: localhost:3306
-- Generation Time: Nov 21, 2020 at 07:56 PM
-- Server version: 10.2.34-MariaDB-cll-lve
-- PHP Version: 7.3.6

SET SQL_MODE = "NO_AUTO_VALUE_ON_ZERO";
SET AUTOCOMMIT = 0;
START TRANSACTION;
SET time_zone = "+00:00";


/*!40101 SET @OLD_CHARACTER_SET_CLIENT=@@CHARACTER_SET_CLIENT */;
/*!40101 SET @OLD_CHARACTER_SET_RESULTS=@@CHARACTER_SET_RESULTS */;
/*!40101 SET @OLD_COLLATION_CONNECTION=@@COLLATION_CONNECTION */;
/*!40101 SET NAMES utf8mb4 */;

--
-- Database: `senr3879_xyz`
--

-- --------------------------------------------------------

--
-- Table structure for table `credit_kasbon`
--

CREATE TABLE `credit_kasbon` (
  `id_kasbon` int(11) NOT NULL,
  `id_user` int(11) NOT NULL,
  `id_set` int(11) NOT NULL,
  `id_cabutan` int(11) NOT NULL,
  `hari` varchar(10) NOT NULL,
  `tanggal` date NOT NULL,
  `kasbon_lap_1` float NOT NULL,
  `kasbon_lap_2` float NOT NULL,
  `kasbon_lap_3` float NOT NULL,
  `kasbon_lap_4` float NOT NULL,
  `kasbon_lap_5` float NOT NULL,
  `kasbon_lap_6` float NOT NULL,
  `kasbon_lap_7` float NOT NULL,
  `kasbon_lap_8` float NOT NULL,
  `kasbon_lap_9` float NOT NULL,
  `kasbon_lap_10` float NOT NULL,
  `kasbon_lap_11` float NOT NULL,
  `kasbon_leader_1` float NOT NULL,
  `kasbon_leader_2` float NOT NULL,
  `kasbon_asis_tl` float NOT NULL,
  `kasbon_gl` float NOT NULL,
  `kasbon_t_masak` float NOT NULL,
  `kasbon_training` float NOT NULL
) ENGINE=InnoDB DEFAULT CHARSET=latin1;

--
-- Dumping data for table `credit_kasbon`
--

INSERT INTO `credit_kasbon` (`id_kasbon`, `id_user`, `id_set`, `id_cabutan`, `hari`, `tanggal`, `kasbon_lap_1`, `kasbon_lap_2`, `kasbon_lap_3`, `kasbon_lap_4`, `kasbon_lap_5`, `kasbon_lap_6`, `kasbon_lap_7`, `kasbon_lap_8`, `kasbon_lap_9`, `kasbon_lap_10`, `kasbon_lap_11`, `kasbon_leader_1`, `kasbon_leader_2`, `kasbon_asis_tl`, `kasbon_gl`, `kasbon_t_masak`, `kasbon_training`) VALUES
(1, 260, 271, 1, 'Minggu', '2020-02-09', 10000, 10000, 0, 0, 0, 0, 0, 0, 0, 0, 0, 10000, 10000, 10000, 10000, 10000, 100000),
(2, 260, 289, 7, 'Minggu', '2020-03-01', 500000, 0, 0, 0, 0, 0, 0, 0, 0, 0, 0, 0, 0, 0, 0, 0, 0);

-- --------------------------------------------------------

--
-- Table structure for table `credit_rincian_biaya_op`
--

CREATE TABLE `credit_rincian_biaya_op` (
  `id_rincian` int(11) NOT NULL,
  `id_user` int(11) NOT NULL,
  `id_set` int(11) NOT NULL,
  `id_cabutan` int(11) NOT NULL,
  `hari` varchar(15) NOT NULL,
  `tanggal` date NOT NULL,
  `biaya_beras` float NOT NULL,
  `biaya_air_galon` float NOT NULL,
  `biaya_gas` float NOT NULL,
  `biaya_resiko` float NOT NULL,
  `biaya_lain` float NOT NULL
) ENGINE=InnoDB DEFAULT CHARSET=latin1;

--
-- Dumping data for table `credit_rincian_biaya_op`
--

INSERT INTO `credit_rincian_biaya_op` (`id_rincian`, `id_user`, `id_set`, `id_cabutan`, `hari`, `tanggal`, `biaya_beras`, `biaya_air_galon`, `biaya_gas`, `biaya_resiko`, `biaya_lain`) VALUES
(2, 2, 1, 1, 'Sabtu', '2019-05-04', 25000, 5000, 25500, 50000, 10000),
(4, 2, 1, 1, 'Minggu', '2019-05-05', 25000, 4000, 35000, 15000, 0),
(5, 23, 9, 1, 'Sabtu', '2019-06-02', 250000, 0, 50000, 75000, 20000),
(6, 20, 12, 1, 'Sabtu', '2019-06-15', 230000, 12000, 25000, 85000, 17000),
(9, 25, 15, 1, 'Sabtu', '2019-06-08', 225000, 12000, 25000, 150000, 100000),
(10, 24, 16, 1, 'Sabtu', '2019-06-15', 23000, 5000, 23000, 85000, 21000),
(11, 22, 14, 1, 'Sabtu', '2019-06-01', 220000, 5000, 0, 85000, 60000),
(12, 22, 14, 1, 'Minggu', '2019-06-16', 0, 5000, 0, 85000, 17000),
(13, 27, 10, 1, 'Sabtu', '2019-01-01', 250000, 15000, 54000, 85000, 15000),
(14, 22, 14, 1, 'Minggu', '2019-06-02', 220000, 5000, 0, 85000, 60000),
(15, 20, 12, 1, 'Minggu', '2019-06-16', 230000, 5000, 0, 50000, 85000),
(16, 182, 25, 1, 'Jumat', '2019-06-14', 30000, 12000, 0, 75000, 65000),
(17, 183, 27, 1, 'Jumat', '2019-06-14', 74000, 12000, 0, 70000, 19500),
(18, 149, 20, 1, 'Jumat', '2019-06-14', 50000, 5000, 50000, 85000, 280000),
(19, 181, 24, 1, 'Jumat', '2019-06-14', 240000, 18000, 0, 85000, 130000),
(22, 182, 26, 1, 'Sabtu', '2019-06-15', 40000, 0, 0, 75000, 25000),
(24, 161, 30, 1, 'Sabtu', '2019-06-15', 0, 0, 0, 85000, 15000),
(25, 181, 29, 1, 'Sabtu', '2019-06-15', 0, 0, 0, 85000, 660000),
(27, 182, 26, 1, 'Minggu', '2019-06-16', 40000, 12000, 0, 75000, 30000),
(28, 161, 30, 1, 'Minggu', '2019-06-16', 250000, 0, 0, 85000, 233000),
(29, 181, 29, 1, 'Minggu', '2019-06-16', 0, 18000, 0, 85000, 0),
(32, 183, 28, 1, 'Minggu', '2019-06-16', 0, 0, 25000, 75000, 28000),
(33, 181, 29, 1, 'Senin', '2019-06-17', 0, 0, 54000, 85000, 100000),
(35, 182, 26, 1, 'Sabtu', '2019-06-17', 220000, 6000, 27000, 75000, 160500),
(36, 161, 30, 1, 'Senin', '2019-06-17', 0, 12000, 25000, 85000, 15000),
(38, 183, 28, 1, 'Senin', '2019-06-17', 0, 12000, 0, 75000, 10000),
(40, 182, 26, 1, 'Selasa', '2019-06-18', 0, 12000, 0, 75000, 0),
(41, 161, 30, 1, 'Selasa', '2019-06-18', 0, 0, 0, 85000, 25000),
(43, 181, 29, 1, 'Selasa', '2019-06-18', 0, 0, 0, 85000, 5000),
(45, 183, 28, 1, 'Selasa', '2019-06-18', 0, 0, 0, 75000, 116000),
(48, 182, 26, 1, 'Rabu', '2019-06-19', 0, 0, 0, 75000, 24000),
(50, 161, 30, 1, 'Rabu', '2019-06-19', 0, 0, 0, 85000, 690500),
(52, 181, 29, 1, 'Rabu', '2019-06-19', 0, 0, 0, 85000, 80000),
(54, 183, 28, 1, 'Rabu', '2019-06-19', 0, 0, 0, 75000, 32000),
(56, 182, 26, 1, 'Kamis', '2019-06-20', 0, 6000, 0, 75000, 20000),
(57, 181, 29, 1, 'Kamis', '2019-06-20', 0, 0, 0, 85000, 5000),
(58, 183, 28, 1, 'Kamis', '2019-06-20', 0, 13000, 25000, 75000, 2000),
(59, 161, 30, 1, 'Kamis', '2019-06-20', 0, 0, 25000, 85000, 0),
(61, 182, 26, 1, 'Jumat', '2019-06-21', 0, 6000, 0, 75000, 0),
(63, 183, 28, 1, 'Jumat', '2019-06-21', 0, 0, 0, 75000, 0),
(65, 183, 28, 1, 'Sabtu', '2019-06-15', 225000, 12000, 0, 75000, 175000),
(66, 161, 30, 1, 'Jumat', '2019-06-21', 0, 12000, 0, 85000, 60000),
(68, 181, 29, 1, 'Jumat', '2019-06-21', 0, 18000, 0, 85000, 34000),
(69, 182, 34, 1, 'Sabtu', '2019-06-22', 0, 12000, 25000, 75000, 0),
(70, 181, 35, 1, 'Sabtu', '2019-06-22', 230000, 0, 0, 85000, 0),
(71, 161, 30, 1, 'Sabtu', '2019-06-22', 0, 0, 0, 85000, 0),
(72, 183, 27, 1, 'Sabtu', '2019-06-22', 150000, 12000, 25000, 75000, 83000),
(73, 149, 39, 1, 'Sabtu', '2019-06-22', 0, 0, 24000, 85000, 0),
(75, 182, 34, 1, 'Minggu', '2019-06-23', 0, 0, 0, 75000, 0),
(76, 183, 37, 1, 'Minggu', '2019-06-23', 0, 0, 0, 75000, 46000),
(78, 149, 39, 1, 'Minggu', '2019-06-23', 0, 0, 0, 85000, 196000),
(79, 181, 35, 1, 'Minggu', '2019-06-23', 0, 0, 0, 85000, 20000),
(81, 161, 30, 1, 'Minggu', '2019-06-23', 0, 0, 0, 85000, 109000),
(83, 181, 40, 1, 'Sabtu', '2019-06-15', 0, 0, 0, 85000, 660000),
(84, 181, 40, 1, 'Minggu', '2019-06-16', 0, 18000, 0, 85000, 0),
(85, 181, 40, 1, 'Senin', '2019-06-17', 0, 0, 54000, 85000, 100000),
(86, 181, 40, 1, 'Selasa', '2019-06-18', 0, 0, 0, 85000, 5000),
(87, 181, 40, 1, 'Rabu', '2019-06-19', 0, 0, 0, 85000, 80000),
(88, 181, 40, 1, 'Kamis', '2019-06-20', 0, 0, 0, 85000, 5000),
(90, 181, 40, 1, 'Jumat', '2019-06-21', 0, 18000, 0, 85000, 34000),
(91, 161, 41, 1, 'Sabtu', '2019-06-15', 0, 12000, 0, 85000, 0),
(92, 161, 41, 1, 'Minggu', '2019-06-16', 250000, 0, 0, 85000, 0),
(93, 161, 41, 1, 'Senin', '2019-06-17', 0, 0, 25000, 85000, 0),
(95, 161, 41, 1, 'Rabu', '2019-06-19', 0, 0, 0, 85000, 730000),
(97, 161, 41, 1, 'Selasa', '2019-06-18', 0, 12000, 0, 85000, 250000),
(98, 161, 41, 1, 'Kamis', '2019-06-20', 0, 0, 25000, 85000, 0),
(99, 161, 41, 1, 'Jumat', '2019-06-21', 0, 0, 0, 85000, 58500),
(101, 181, 35, 1, 'Senin', '2019-06-24', 0, 0, 0, 85000, 105000),
(102, 182, 34, 1, 'Senin', '2019-06-24', 240000, 12000, 0, 75000, 325000),
(103, 183, 37, 1, 'Senin', '2019-06-24', 0, 0, 0, 75000, 0),
(104, 161, 30, 1, 'Senin', '2019-06-24', 0, 10000, 25000, 85000, 20000),
(106, 149, 39, 1, 'Senin', '2019-06-24', 0, 10000, 0, 85000, 132000),
(107, 149, 31, 1, 'Sabtu', '2019-06-15', 250000, 10000, 0, 85000, 0),
(108, 149, 31, 1, 'Minggu', '2019-06-16', 0, 0, 25000, 85000, 81500),
(109, 149, 31, 1, 'Senin', '2019-06-17', 0, 0, 0, 85000, 60000),
(110, 149, 31, 1, 'Selasa', '2019-06-18', 0, 0, 0, 85000, 0),
(111, 149, 31, 1, 'Rabu', '2019-06-19', 0, 10000, 25000, 85000, 35000),
(112, 149, 31, 1, 'Kamis', '2019-06-20', 0, 0, 0, 85000, 23500),
(113, 149, 31, 1, 'Jumat', '2019-06-21', 0, 0, 0, 85000, 0),
(117, 149, 39, 1, 'Selasa', '2019-06-25', 0, 0, 24000, 85000, 51000),
(118, 182, 34, 1, 'Selasa', '2019-06-25', 0, 0, 25000, 75000, 0),
(120, 161, 30, 1, 'Selasa', '2019-06-25', 0, 0, 0, 85000, 139000),
(121, 181, 35, 1, 'Selasa', '2019-06-25', 0, 0, 0, 85000, 0),
(122, 183, 37, 1, 'Selasa', '2019-06-25', 0, 12000, 25000, 75000, 13000),
(124, 161, 30, 1, 'Rabu', '2019-06-26', 230000, 0, 0, 85000, 99000),
(125, 182, 25, 1, 'Rabu', '2019-06-26', 0, 12000, 0, 75000, 0),
(127, 149, 39, 1, 'Rabu', '2019-06-26', 240000, 5000, 0, 85000, 112000),
(128, 182, 34, 1, 'Rabu', '2019-06-26', 0, 12000, 0, 75000, 95500),
(129, 183, 37, 1, 'Rabu', '2019-06-26', 125000, 0, 0, 75000, 0),
(130, 181, 35, 1, 'Rabu', '2019-06-26', 0, 18000, 22000, 85000, 35000),
(131, 182, 34, 1, 'Kamis', '2019-06-27', 0, 0, 0, 75000, 0),
(132, 149, 39, 1, 'Kamis', '2019-06-27', 0, 5000, 0, 85000, 0),
(133, 161, 30, 1, 'Kamis', '2019-06-27', 0, 12000, 0, 85000, 45000),
(135, 183, 37, 1, 'Kamis', '2019-06-27', 0, 12000, 0, 75000, 25000),
(137, 181, 35, 1, 'Kamis', '2019-06-27', 0, 0, 0, 85000, 26000),
(139, 182, 34, 1, 'Jumat', '2019-06-28', 0, 0, 0, 75000, 10000),
(140, 183, 37, 1, 'Jumat', '2019-06-28', 0, 0, 0, 75000, 0),
(141, 183, 37, 1, 'Sabtu', '2019-06-22', 100000, 12000, 25000, 75000, 53000),
(142, 149, 39, 1, 'Jumat', '2019-06-28', 0, 5000, 24000, 85000, 145000),
(144, 181, 35, 1, 'Jumat', '2019-06-28', 0, 0, 0, 85000, 5000),
(146, 161, 30, 1, 'Jumat', '2019-06-28', 0, 12000, 0, 85000, 56000),
(148, 182, 45, 1, 'Sabtu', '2019-06-29', 0, 12000, 0, 85000, 20000),
(150, 161, 42, 1, 'Sabtu', '2019-06-29', 0, 0, 0, 85000, 0),
(151, 149, 48, 1, 'Sabtu', '2019-06-29', 0, 10000, 0, 85000, 0),
(152, 181, 44, 1, 'Sabtu', '2019-06-29', 0, 0, 0, 85000, 0),
(153, 183, 46, 1, 'Sabtu', '2019-06-29', 0, 12000, 25000, 75000, 24000),
(154, 181, 44, 1, 'Minggu', '2019-06-30', 0, 18000, 22000, 85000, 0),
(155, 161, 42, 1, 'Minggu', '2019-06-30', 0, 0, 25000, 85000, 25000),
(156, 182, 45, 1, 'Minggu', '2019-06-30', 0, 0, 26000, 85000, 60000),
(158, 149, 48, 1, 'Minggu', '2019-06-30', 0, 5000, 25000, 85000, 193000),
(161, 183, 46, 1, 'Minggu', '2019-06-30', 0, 0, 0, 75000, 17000),
(162, 182, 45, 1, 'Senin', '2019-07-01', 0, 12000, 0, 85000, 0),
(163, 149, 48, 1, 'Senin', '2019-07-01', 0, 0, 0, 85000, 68000),
(164, 181, 44, 1, 'Senin', '2019-07-01', 235000, 0, 0, 85000, 45000),
(165, 183, 46, 1, 'Senin', '2019-07-01', 225000, 0, 25000, 75000, 28000),
(166, 161, 42, 1, 'Senin', '2019-07-01', 0, 12000, 0, 85000, 55000),
(167, 149, 48, 1, 'Selasa', '2019-07-02', 0, 5000, 0, 85000, 130000),
(168, 181, 44, 1, 'Selasa', '2019-07-02', 0, 0, 0, 85000, 90000),
(169, 161, 42, 1, 'Selasa', '2019-07-02', 0, 0, 0, 85000, 85000),
(170, 183, 46, 1, 'Selasa', '2019-07-02', 0, 14000, 0, 75000, 9000),
(171, 182, 45, 1, 'Selasa', '2019-07-02', 0, 0, 0, 85000, 0),
(172, 149, 48, 1, 'Rabu', '2019-07-03', 0, 5000, 25000, 85000, 217000),
(173, 161, 42, 1, 'Rabu', '2019-07-03', 0, 0, 0, 85000, 67000),
(174, 181, 44, 1, 'Rabu', '2019-07-03', 0, 18000, 0, 85000, 70000),
(175, 182, 45, 1, 'Rabu', '2019-07-03', 0, 0, 0, 85000, 45000),
(178, 183, 46, 1, 'Rabu', '2019-07-03', 0, 0, 0, 75000, 27000),
(180, 183, 46, 1, 'Kamis', '2019-07-04', 0, 6000, 25000, 75000, 88000),
(181, 182, 45, 1, 'Kamis', '2019-07-04', 270000, 12000, 25000, 85000, 20000),
(182, 161, 42, 1, 'Kamis', '2019-07-04', 0, 0, 0, 85000, 132000),
(183, 149, 48, 1, 'Kamis', '2019-07-04', 0, 0, 0, 85000, 20000),
(184, 181, 44, 1, 'Kamis', '2019-07-04', 0, 0, 0, 85000, 35000),
(185, 183, 46, 1, 'Jumat', '2019-07-05', 0, 0, 0, 70000, 0),
(186, 182, 45, 1, 'Jumat', '2019-07-05', 0, 0, 0, 85000, 12000),
(187, 161, 42, 1, 'Jumat', '2019-07-05', 0, 10000, 25000, 85000, 89500),
(188, 181, 44, 1, 'Jumat', '2019-07-05', 0, 0, 22000, 85000, 12000),
(189, 149, 48, 1, 'Jumat', '2019-07-05', 0, 0, 0, 85000, 50000),
(190, 223, 49, 1, 'Sabtu', '2019-07-06', 0, 7000, 0, 60000, 0),
(191, 182, 51, 1, 'Sabtu', '2019-07-06', 0, 12000, 0, 85000, 3000),
(192, 183, 53, 1, 'Sabtu', '2019-07-06', 100000, 6000, 25000, 75000, 226500),
(193, 181, 54, 1, 'Sabtu', '2019-07-06', 0, 18000, 0, 85000, 0),
(194, 149, 55, 1, 'Sabtu', '2019-07-06', 250000, 5000, 0, 85000, 113000),
(195, 223, 49, 1, 'Minggu', '2019-07-07', 0, 18000, 0, 60000, 0),
(197, 161, 50, 1, 'Sabtu', '2019-07-06', 0, 0, 0, 85000, 70000),
(198, 149, 55, 1, 'Minggu', '2019-07-07', 0, 0, 0, 85000, 318000),
(199, 182, 51, 1, 'Minggu', '2019-07-07', 0, 6000, 0, 85000, 20000),
(200, 183, 53, 1, 'Minggu', '2019-07-07', 164000, 12000, 0, 75000, 37500),
(201, 181, 54, 1, 'Minggu', '2019-07-07', 0, 0, 0, 85000, 65000),
(202, 161, 50, 1, 'Minggu', '2019-07-07', 230000, 12000, 0, 85000, 241000),
(203, 223, 49, 1, 'Senin', '2019-07-08', 0, 0, 0, 60000, 0),
(204, 182, 51, 1, 'Senin', '2019-07-08', 0, 12000, 0, 85000, 270000),
(205, 149, 55, 1, 'Senin', '2019-07-08', 0, 0, 0, 85000, 0),
(206, 183, 53, 1, 'Senin', '2019-07-08', 0, 0, 0, 75000, 18000),
(207, 161, 50, 1, 'Senin', '2019-07-08', 0, 0, 0, 85000, 0),
(208, 181, 54, 1, 'Senin', '2019-07-08', 0, 0, 0, 85000, 24000),
(209, 223, 49, 1, 'Selasa', '2019-07-09', 0, 7000, 22000, 60000, 0),
(210, 149, 55, 1, 'Selasa', '2019-07-09', 0, 10000, 0, 85000, 52000),
(212, 161, 50, 1, 'Selasa', '2019-07-09', 0, 0, 0, 85000, 22000),
(213, 182, 51, 1, 'Selasa', '2019-07-09', 0, 0, 23000, 85000, 90000),
(214, 183, 53, 1, 'Selasa', '2019-07-09', 0, 12000, 23000, 75000, 3000),
(215, 181, 54, 1, 'Selasa', '2019-07-09', 235000, 0, 22000, 85000, 0),
(216, 223, 49, 1, 'Rabu', '2019-07-10', 0, 17000, 21000, 60000, 21000),
(217, 149, 55, 1, 'Rabu', '2019-07-10', 0, 0, 0, 85000, 20000),
(218, 182, 51, 1, 'Rabu', '2019-07-10', 0, 12000, 0, 85000, 18000),
(219, 183, 53, 1, 'Rabu', '2019-07-10', 0, 0, 0, 75000, 30000),
(220, 161, 50, 1, 'Rabu', '2019-07-10', 0, 0, 0, 85000, 90000),
(221, 181, 54, 1, 'Rabu', '2019-07-10', 0, 0, 0, 85000, 10000),
(222, 223, 49, 1, 'Kamis', '2019-07-11', 0, 0, 0, 60000, 38000),
(224, 182, 51, 1, 'Kamis', '2019-07-11', 0, 0, 0, 85000, 45000),
(225, 183, 53, 1, 'Kamis', '2019-07-11', 0, 0, 0, 75000, 2000),
(227, 149, 55, 1, 'Kamis', '2019-07-11', 0, 0, 0, 85000, 448000),
(230, 161, 50, 1, 'Kamis', '2019-07-11', 0, 0, 25000, 85000, 139000),
(233, 181, 54, 1, 'Kamis', '2019-07-11', 0, 18000, 0, 85000, 65000),
(234, 223, 49, 1, 'Jumat', '2019-07-12', 0, 6000, 0, 60000, 60000),
(235, 182, 51, 1, 'Jumat', '2019-07-12', 250000, 0, 50000, 85000, 7000),
(236, 183, 53, 1, 'Jumat', '2019-07-12', 36000, 6000, 0, 75000, 32500),
(237, 149, 55, 1, 'Jumat', '2019-07-12', 0, 10000, 48000, 85000, 165000),
(239, 161, 50, 1, 'Jumat', '2019-07-12', 0, 10000, 0, 85000, 162000),
(241, 181, 54, 1, 'Jumat', '2019-07-13', 0, 0, 22000, 85000, 153000),
(242, 181, 54, 1, 'Jumat', '2019-07-12', 0, 0, 22000, 85000, 153000),
(243, 223, 57, 2, 'Sabtu', '2019-07-13', 0, 0, 0, 60000, 0),
(244, 149, 60, 2, 'Sabtu', '2019-07-13', 0, 0, 0, 85000, 50000),
(245, 183, 59, 2, 'Sabtu', '2019-07-13', 160000, 10000, 0, 75000, 90000),
(246, 161, 63, 2, 'Sabtu', '2019-07-13', 0, 0, 0, 85000, 0),
(247, 181, 65, 2, 'Sabtu', '2019-07-13', 0, 0, 0, 85000, 0),
(248, 223, 57, 2, 'Sabtu', '2019-07-14', 0, 0, 0, 60000, 0),
(249, 182, 58, 2, 'Minggu', '2019-07-14', 0, 12000, 0, 21000, 85000),
(251, 182, 58, 2, 'Sabtu', '2019-07-13', 0, 0, 25000, 85000, 0),
(252, 161, 63, 2, 'Minggu', '2019-07-14', 0, 0, 0, 85000, 88000),
(253, 181, 65, 2, 'Minggu', '2019-07-14', 0, 0, 0, 85000, 0),
(254, 183, 59, 2, 'Minggu', '2019-07-14', 0, 0, 24000, 75000, 18000),
(255, 149, 60, 2, 'Minggu', '2019-07-14', 0, 0, 25000, 85000, 0),
(256, 223, 57, 2, 'Senin', '2019-07-15', 0, 6000, 0, 60000, 251000),
(258, 183, 59, 2, 'Senin', '2019-07-15', 0, 0, 0, 75000, 3000),
(259, 182, 58, 2, 'Senin', '2019-07-15', 0, 0, 0, 85000, 4000),
(260, 161, 63, 2, 'Senin', '2019-07-15', 0, 0, 0, 85000, 20000),
(261, 149, 60, 2, 'Senin', '2019-07-15', 0, 10000, 0, 85000, 78000),
(262, 181, 65, 2, 'Senin', '2019-07-15', 0, 18000, 0, 85000, 35000),
(263, 182, 58, 2, 'Selasa', '2019-07-16', 0, 8000, 25000, 85000, 0),
(264, 223, 57, 2, 'Selasa', '2019-07-16', 0, 6000, 21000, 60000, 12000),
(265, 161, 63, 2, 'Selasa', '2019-07-16', 0, 12000, 25000, 85000, 14000),
(266, 181, 65, 2, 'Selasa', '2019-07-16', 0, 0, 0, 85000, 6000),
(267, 149, 60, 2, 'Selasa', '2019-07-16', 0, 0, 0, 85000, 56000),
(269, 183, 59, 2, 'Selasa', '2019-07-16', 0, 6000, 24000, 75000, 65500),
(270, 183, 59, 2, 'Rabu', '2019-07-17', 0, 0, 0, 75000, 6000),
(271, 223, 57, 2, 'Sabtu', '2019-07-17', 0, 0, 0, 60000, 0),
(272, 182, 58, 2, 'Rabu', '2019-07-17', 200000, 12000, 0, 85000, 120000),
(273, 161, 63, 2, 'Rabu', '2019-07-17', 0, 0, 0, 85000, 135000),
(274, 181, 65, 2, 'Rabu', '2019-07-17', 0, 0, 22000, 85000, 15000),
(275, 149, 60, 2, 'Rabu', '2019-07-17', 220000, 0, 0, 85000, 0),
(276, 223, 57, 2, 'Kamis', '2019-07-18', 0, 6000, 0, 60000, 0),
(277, 182, 58, 2, 'Kamis', '2019-07-18', 0, 0, 25000, 85000, 30000),
(279, 183, 59, 2, 'Kamis', '2019-07-18', 0, 6000, 0, 75000, 2000),
(280, 149, 60, 2, 'Kamis', '2019-07-18', 0, 0, 0, 85000, 100000),
(282, 161, 63, 2, 'Kamis', '2019-07-18', 0, 0, 0, 85000, 6000),
(284, 181, 65, 2, 'Kamis', '2019-07-18', 0, 0, 0, 85000, 26000),
(285, 222, 64, 2, 'Kamis', '2019-07-19', 0, 10000, 0, 60000, 10000),
(286, 222, 64, 2, 'Jumat', '2019-07-19', 0, 0, 0, 60000, 0),
(287, 223, 57, 2, 'Sabtu', '2019-07-19', 0, 0, 0, 60000, 0),
(288, 182, 58, 2, 'Jumat', '2019-07-19', 0, 0, 0, 85000, 47000),
(289, 149, 60, 2, 'Jumat', '2019-07-19', 0, 0, 24000, 85000, 0),
(290, 161, 63, 2, 'Jumat', '2019-07-19', 0, 0, 0, 85000, 30000),
(291, 181, 65, 2, 'Jumat', '2019-07-19', 250000, 18000, 0, 85000, 0),
(293, 183, 59, 2, 'Jumat', '2019-07-19', 0, 0, 0, 75000, 10500),
(295, 223, 57, 2, 'Sabtu', '2019-07-20', 0, 12000, 0, 60000, 0),
(296, 223, 67, 2, 'Sabtu', '2019-07-20', 0, 12000, 0, 60000, 0),
(297, 222, 68, 2, 'Sabtu', '2019-07-20', 200000, 10000, 0, 50000, 20000),
(298, 182, 69, 2, 'Sabtu', '2019-07-20', 0, 12000, 50000, 85000, 37000),
(299, 183, 70, 2, 'Sabtu', '2019-07-20', 186000, 6000, 0, 75000, 26000),
(300, 161, 71, 2, 'Sabtu', '2019-07-20', 0, 0, 0, 85000, 43000),
(301, 149, 66, 2, 'Sabtu', '2019-07-20', 0, 10000, 0, 85000, 10000),
(302, 181, 72, 2, 'Sabtu', '2019-07-20', 0, 0, 0, 85000, 20000),
(303, 222, 68, 2, 'Minggu', '2019-07-21', 0, 0, 0, 50000, 20000),
(304, 181, 72, 2, 'Minggu', '2019-07-21', 0, 0, 0, 85000, 10000),
(305, 223, 67, 2, 'Sabtu', '2019-07-21', 0, 0, 0, 60000, 97000),
(306, 149, 66, 2, 'Minggu', '2019-07-21', 0, 5000, 0, 85000, 103000),
(307, 161, 71, 2, 'Minggu', '2019-07-21', 230000, 12000, 25000, 85000, 72000),
(308, 183, 70, 2, 'Minggu', '2019-07-21', 0, 12000, 23000, 75000, 12000),
(310, 223, 67, 2, 'Senin', '2019-07-22', 0, 0, 21000, 60000, 17000),
(311, 222, 68, 2, 'Senin', '2019-07-22', 0, 0, 0, 50000, 45000),
(312, 183, 70, 2, 'Senin', '2019-07-22', 0, 0, 0, 75000, 78500),
(313, 182, 69, 2, 'Senin', '2019-07-22', 240000, 12000, 0, 85000, 20000),
(314, 181, 72, 2, 'Senin', '2019-07-22', 0, 18000, 0, 85000, 30000),
(315, 161, 71, 2, 'Senin', '2019-07-22', 0, 12000, 0, 85000, 0),
(316, 149, 66, 2, 'Senin', '2019-07-22', 0, 0, 0, 85000, 15000),
(317, 223, 67, 2, 'Selasa', '2019-07-23', 0, 0, 0, 60000, 0),
(318, 183, 70, 2, 'Selasa', '2019-07-23', 0, 0, 0, 75000, 0),
(319, 182, 69, 2, 'Selasa', '2019-07-23', 0, 0, 0, 85000, 0),
(320, 222, 68, 2, 'Selasa', '2019-07-23', 0, 10000, 0, 50000, 23000),
(321, 149, 66, 2, 'Selasa', '2019-07-23', 0, 0, 24000, 85000, 37500),
(322, 181, 72, 2, 'Selasa', '2019-07-23', 0, 0, 22000, 85000, 103000),
(323, 161, 71, 2, 'Selasa', '2019-07-23', 0, 0, 0, 85000, 4000),
(325, 183, 70, 2, 'Rabu', '2019-07-24', 0, 6000, 25000, 75000, 32000),
(326, 222, 68, 2, 'Rabu', '2019-07-24', 0, 0, 0, 50000, 30000),
(327, 223, 67, 2, 'Rabu', '2019-07-24', 0, 10000, 0, 60000, 18500),
(328, 181, 72, 2, 'Rabu', '2019-07-24', 0, 0, 0, 85000, 45000),
(329, 149, 66, 2, 'Rabu', '2019-07-24', 0, 0, 0, 85000, 20000),
(330, 161, 71, 2, 'Rabu', '2019-07-24', 0, 0, 0, 85000, 67000),
(331, 182, 69, 2, 'Minggu', '2019-07-21', 0, 12000, 0, 85000, 225000),
(332, 182, 69, 2, 'Rabu', '2019-07-24', 0, 0, 0, 85000, 54500),
(334, 223, 67, 2, 'Kamis', '2019-07-25', 0, 0, 0, 60000, 0),
(335, 222, 68, 2, 'Kamis', '2019-07-25', 0, 0, 0, 50000, 86000),
(336, 183, 70, 2, 'Kamis', '2019-07-25', 0, 6000, 0, 75000, 17000),
(337, 182, 69, 2, 'Kamis', '2019-07-25', 0, 12000, 50000, 85000, 0),
(338, 149, 66, 2, 'Kamis', '2019-07-25', 0, 5000, 0, 85000, 70000),
(340, 161, 71, 2, 'Kamis', '2019-07-25', 0, 0, 0, 85000, 84000),
(341, 181, 72, 2, 'Kamis', '2019-07-25', 0, 18000, 0, 85000, 20000),
(342, 183, 70, 2, 'Jumat', '2019-07-26', 0, 0, 0, 75000, 0),
(343, 182, 58, 2, 'Jumat', '2019-07-26', 0, 0, 0, 85000, 0),
(344, 182, 69, 2, 'Jumat', '2019-07-26', 0, 0, 0, 85000, 0),
(345, 223, 67, 2, 'Jumat', '2019-07-26', 0, 0, 0, 60000, 10000),
(347, 222, 68, 2, 'Jumat', '2019-07-26', 0, 0, 0, 50000, 108000),
(348, 181, 72, 2, 'Jumat', '2019-07-26', 0, 0, 0, 85000, 0),
(349, 149, 66, 2, 'Jumat', '2019-07-26', 0, 5000, 0, 85000, 260000),
(350, 161, 71, 2, 'Jumat', '2019-07-26', 0, 12000, 25000, 85000, 36000),
(351, 223, 73, 2, 'Sabtu', '2019-07-27', 0, 5000, 21000, 60000, 40000),
(352, 181, 75, 2, 'Sabtu', '2019-07-27', 250000, 0, 22000, 85000, 45000),
(353, 183, 77, 2, 'Sabtu', '2019-07-27', 184000, 6000, 0, 75000, 71000),
(354, 149, 79, 2, 'Sabtu', '2019-07-27', 220000, 0, 0, 85000, 284000),
(355, 222, 76, 2, 'Sabtu', '2019-07-27', 0, 10000, 0, 50000, 10000),
(356, 161, 78, 2, 'Sabtu', '2019-07-27', 0, 0, 0, 85000, 30000),
(357, 182, 80, 2, 'Sabtu', '2019-07-27', 0, 0, 0, 85000, 107000),
(359, 223, 73, 2, 'Minggu', '2019-07-28', 0, 5000, 0, 60000, 12000),
(360, 222, 76, 2, 'Minggu', '2019-07-28', 0, 0, 45000, 50000, 16000),
(361, 183, 70, 2, 'Minggu', '2019-07-28', 0, 12000, 25000, 75000, 8000),
(362, 183, 77, 2, 'Minggu', '2019-07-28', 0, 12000, 25000, 75000, 8000),
(363, 182, 80, 2, 'Minggu', '2019-07-28', 0, 12000, 0, 85000, 5000),
(364, 161, 78, 2, 'Minggu', '2019-07-28', 0, 0, 0, 85000, 11000),
(365, 181, 75, 2, 'Minggu', '2019-07-28', 0, 0, 0, 85000, 20000),
(367, 149, 79, 2, 'Minggu', '2019-07-28', 0, 5000, 24000, 85000, 204000),
(368, 223, 73, 2, 'Senin', '2019-07-29', 0, 5000, 0, 60000, 30000),
(369, 222, 76, 2, 'Senin', '2019-07-29', 0, 0, 0, 50000, 85000),
(370, 183, 77, 2, 'Senin', '2019-07-29', 0, 0, 0, 75000, 107500),
(371, 182, 80, 2, 'Senin', '2019-07-29', 0, 0, 50000, 85000, 105000),
(372, 181, 75, 2, 'Senin', '2019-07-29', 0, 18000, 0, 85000, 35000),
(374, 149, 79, 2, 'Senin', '2019-07-29', 0, 5000, 0, 85000, 118000),
(375, 161, 78, 2, 'Senin', '2019-07-29', 0, 0, 0, 85000, 0),
(376, 222, 76, 2, 'Selasa', '2019-07-30', 0, 10000, 0, 50000, 10000),
(377, 223, 73, 2, 'Selasa', '2019-07-30', 0, 0, 0, 60000, 20000),
(378, 183, 77, 2, 'Selasa', '2019-07-30', 0, 0, 0, 75000, 0),
(379, 182, 80, 2, 'Selasa', '2019-07-30', 0, 0, 0, 85000, 60000),
(380, 149, 79, 2, 'Selasa', '2019-07-30', 0, 0, 0, 85000, 17000),
(381, 181, 75, 2, 'Selasa', '2019-07-30', 0, 0, 22000, 85000, 0),
(382, 161, 78, 2, 'Selasa', '2019-07-30', 0, 10000, 0, 85000, 4000),
(383, 222, 76, 2, 'Rabu', '2019-07-31', 0, 0, 0, 50000, 5000),
(384, 223, 73, 2, 'Rabu', '2019-07-31', 200000, 0, 0, 60000, 25000),
(386, 183, 77, 2, 'Rabu', '2019-07-31', 0, 12000, 25000, 75000, 0),
(387, 182, 80, 2, 'Rabu', '2019-07-31', 0, 12000, 0, 85000, 307000),
(389, 181, 75, 2, 'Rabu', '2019-07-31', 0, 0, 0, 85000, 20000),
(390, 149, 79, 2, 'Rabu', '2019-07-31', 0, 0, 0, 85000, 0),
(391, 161, 78, 2, 'Rabu', '2019-07-31', 0, 0, 25000, 85000, 122000),
(392, 182, 80, 2, 'Kamis', '2019-08-01', 30000, 0, 0, 85000, 80000),
(393, 223, 73, 2, 'Kamis', '2019-08-01', 0, 10000, 0, 60000, 5000),
(394, 222, 76, 2, 'Kamis', '2019-08-01', 0, 0, 0, 50000, 0),
(395, 181, 75, 2, 'Kamis', '2019-08-01', 0, 18000, 0, 85000, 215000),
(396, 183, 77, 2, 'Kamis', '2019-08-01', 0, 0, 0, 75000, 0),
(397, 149, 79, 2, 'Kamis', '2019-08-01', 0, 0, 0, 85000, 15000),
(398, 161, 78, 2, 'Kamis', '2019-08-01', 0, 0, 0, 85000, 4000),
(399, 183, 77, 2, 'Jumat', '2019-08-02', 0, 0, 0, 75000, 0),
(400, 222, 76, 2, 'Jumat', '2019-08-02', 0, 10000, 0, 50000, 75000),
(401, 223, 73, 2, 'Jumat', '2019-08-02', 0, 0, 0, 60000, 63000),
(402, 182, 80, 2, 'Jumat', '2019-08-02', 250000, 10000, 0, 85000, 50000),
(403, 149, 79, 2, 'Jumat', '2019-08-02', 0, 0, 0, 85000, 0),
(404, 161, 78, 2, 'Jumat', '2019-08-02', 0, 0, 0, 85000, 35000),
(406, 181, 75, 2, 'Jumat', '2019-08-02', 0, 0, 0, 85000, 46000),
(407, 223, 82, 2, 'Sabtu', '2019-08-03', 0, 0, 0, 60000, 85000),
(408, 222, 81, 2, 'Sabtu', '2019-08-03', 0, 0, 0, 50000, 8000),
(409, 181, 84, 2, 'Sabtu', '2019-08-03', 0, 0, 0, 85000, 0),
(410, 183, 83, 2, 'Sabtu', '2019-08-03', 225000, 6000, 0, 75000, 43000),
(411, 161, 85, 2, 'Sabtu', '2019-08-03', 0, 12000, 0, 85000, 0),
(412, 149, 88, 2, 'Sabtu', '2019-08-03', 0, 0, 26000, 85000, 20000),
(413, 182, 86, 2, 'Sabtu', '2019-08-03', 0, 0, 50000, 85000, 80000),
(414, 183, 83, 2, 'Minggu', '2019-08-04', 0, 0, 25000, 75000, 55000),
(415, 222, 81, 2, 'Minggu', '2019-08-04', 0, 0, 0, 50000, 57500),
(416, 223, 82, 2, 'Minggu', '2019-08-04', 250000, 6000, 0, 60000, 220000),
(417, 182, 86, 2, 'Minggu', '2019-08-04', 0, 12000, 0, 85000, 100000),
(418, 149, 88, 2, 'Minggu', '2019-08-04', 0, 0, 0, 85000, 105000),
(419, 181, 84, 2, 'Minggu', '2019-08-04', 0, 18000, 22000, 85000, 0),
(420, 161, 85, 2, 'Minggu', '2019-08-04', 240000, 0, 0, 85000, 164000),
(421, 223, 82, 2, 'Senin', '2019-08-05', 0, 6000, 21000, 60000, 5000),
(422, 222, 81, 2, 'Senin', '2019-08-05', 250000, 10000, 0, 50000, 51000),
(424, 183, 83, 2, 'Senin', '2019-08-05', 0, 12000, 0, 75000, 73000),
(425, 182, 86, 2, 'Senin', '2019-08-05', 0, 0, 0, 85000, 40000),
(426, 181, 84, 2, 'Senin', '2019-08-05', 0, 0, 0, 85000, 40000),
(427, 149, 88, 2, 'Senin', '2019-08-05', 0, 0, 0, 85000, 20000),
(429, 161, 85, 2, 'Senin', '2019-08-05', 0, 0, 0, 85000, 288000),
(430, 223, 82, 2, 'Selasa', '2019-08-06', 0, 6000, 0, 60000, 0),
(432, 182, 86, 2, 'Selasa', '2019-08-06', 0, 0, 24000, 85000, 35000),
(434, 222, 81, 2, 'Selasa', '2019-08-06', 0, 0, 0, 50000, 10000),
(435, 181, 84, 2, 'Selasa', '2019-08-06', 0, 0, 0, 85000, 0),
(436, 149, 88, 2, 'Selasa', '2019-08-06', 0, 5000, 0, 85000, 200000),
(437, 161, 85, 2, 'Selasa', '2019-08-06', 0, 12000, 25000, 85000, 2000),
(439, 223, 82, 2, 'Rabu', '2019-08-07', 0, 5000, 0, 60000, 28000),
(441, 183, 83, 2, 'Rabu', '2019-08-07', 0, 0, 23000, 75000, 133000),
(442, 181, 84, 2, 'Rabu', '2019-08-07', 250000, 0, 0, 85000, 4000),
(443, 222, 81, 2, 'Rabu', '2019-08-07', 0, 0, 0, 50000, 7000),
(444, 149, 88, 2, 'Rabu', '2019-08-07', 0, 0, 25000, 85000, 120000),
(445, 182, 86, 2, 'Rabu', '2019-08-07', 0, 0, 0, 85000, 0),
(446, 161, 85, 2, 'Rabu', '2019-08-07', 0, 0, 0, 85000, 30000),
(448, 222, 81, 2, 'Kamis', '2019-08-08', 0, 10000, 22000, 50000, 22000),
(450, 223, 82, 2, 'Kamis', '2019-08-08', 0, 0, 0, 60000, 17000),
(452, 183, 83, 2, 'Selasa', '2019-08-06', 0, 0, 0, 75000, 71000),
(453, 183, 83, 2, 'Kamis', '2019-08-08', 0, 0, 0, 75000, 9000),
(454, 182, 86, 2, 'Kamis', '2019-08-08', 0, 12000, 0, 85000, 34000),
(455, 149, 88, 2, 'Kamis', '2019-08-08', 220000, 5000, 0, 85000, 107000),
(456, 181, 84, 2, 'Kamis', '2019-08-08', 0, 18000, 0, 85000, 20000),
(457, 161, 85, 2, 'Kamis', '2019-08-08', 0, 0, 0, 85000, 105000),
(458, 222, 81, 2, 'Jumat', '2019-08-09', 0, 0, 0, 50000, 0),
(459, 183, 83, 2, 'Jumat', '2019-08-09', 0, 0, 0, 75000, 0),
(460, 223, 82, 2, 'Jumat', '2019-08-09', 0, 10000, 21000, 60000, 0),
(463, 181, 84, 2, 'Jumat', '2019-08-09', 0, 0, 22000, 85000, 160000),
(464, 182, 86, 2, 'Jumat', '2019-08-09', 250000, 0, 25000, 85000, 0),
(465, 149, 88, 2, 'Jumat', '2019-08-09', 0, 0, 25000, 85000, 100000),
(466, 161, 85, 2, 'Jumat', '2019-08-09', 0, 0, 0, 85000, 147000),
(467, 223, 91, 3, 'Sabtu', '2019-08-10', 0, 0, 0, 60000, 0),
(468, 182, 89, 3, 'Sabtu', '2019-08-10', 0, 12000, 0, 85000, 0),
(469, 183, 92, 3, 'Sabtu', '2019-08-10', 0, 0, 0, 75000, 6000),
(470, 149, 94, 3, 'Sabtu', '2019-08-10', 0, 0, 0, 85000, 80000),
(471, 222, 95, 3, 'Sabtu', '2019-08-10', 0, 0, 0, 50000, 23000),
(472, 181, 93, 3, 'Sabtu', '2019-08-10', 0, 0, 0, 85000, 0),
(474, 161, 90, 3, 'Sabtu', '2019-08-10', 0, 12000, 0, 85000, 50000),
(476, 161, 90, 3, 'Minggu', '2019-08-11', 0, 0, 0, 0, 0),
(478, 223, 91, 3, 'Minggu', '2019-08-11', 0, 10000, 0, 60000, 130000),
(479, 223, 91, 3, 'Senin', '2019-08-12', 0, 0, 0, 60000, 63000),
(480, 222, 95, 3, 'Senin', '2019-08-12', 0, 10000, 0, 50000, 20000),
(483, 149, 94, 3, 'Minggu', '2019-08-11', 0, 10000, 25000, 0, 124000),
(484, 149, 94, 3, 'Senin', '2019-08-12', 0, 0, 25000, 85000, 20000),
(487, 183, 92, 3, 'Senin', '2019-08-12', 160000, 12000, 25000, 75000, 89000),
(488, 181, 93, 3, 'Senin', '2019-08-12', 0, 18000, 22000, 85000, 70000),
(489, 161, 90, 3, 'Senin', '2019-08-12', 0, 12000, 25000, 85000, 15000),
(491, 223, 91, 3, 'Selasa', '2019-08-13', 0, 0, 0, 60000, 155000),
(492, 182, 89, 3, 'Selasa', '2019-08-13', 0, 0, 0, 85000, 50000),
(493, 222, 95, 3, 'Selasa', '2019-08-13', 0, 0, 0, 50000, 70000),
(495, 161, 90, 3, 'Selasa', '2019-08-13', 0, 0, 25000, 85000, 60000),
(496, 181, 93, 3, 'Selasa', '2019-08-13', 0, 0, 0, 85000, 30000),
(497, 183, 92, 3, 'Selasa', '2019-08-13', 0, 0, 0, 75000, 101500),
(498, 149, 94, 3, 'Selasa', '2019-08-13', 0, 0, 0, 85000, 180000),
(499, 223, 91, 3, 'Rabu', '2019-08-14', 0, 0, 0, 60000, 0),
(500, 183, 92, 3, 'Rabu', '2019-08-14', 0, 6000, 0, 75000, 40000),
(501, 182, 89, 3, 'Rabu', '2019-08-14', 0, 0, 0, 85000, 87500),
(502, 222, 95, 3, 'Rabu', '2019-08-14', 0, 0, 22000, 50000, 18000),
(503, 149, 94, 3, 'Rabu', '2019-08-14', 0, 0, 0, 85000, 0),
(504, 161, 90, 3, 'Rabu', '2019-08-14', 0, 0, 0, 85000, 34000),
(505, 181, 93, 3, 'Rabu', '2019-08-14', 0, 0, 0, 85000, 20000),
(506, 223, 91, 3, 'Kamis', '2019-08-15', 0, 0, 0, 60000, 0),
(507, 181, 93, 3, 'Kamis', '2019-08-15', 0, 18000, 0, 85000, 30000),
(508, 182, 89, 3, 'Kamis', '2019-08-15', 0, 0, 0, 85000, 65000),
(509, 222, 95, 3, 'Kamis', '2019-08-15', 0, 5000, 0, 50000, 0),
(511, 183, 92, 3, 'Kamis', '2019-08-15', 0, 6000, 24000, 75000, 25000),
(513, 149, 94, 3, 'Kamis', '2019-08-15', 0, 0, 25000, 85000, 120000),
(514, 161, 90, 3, 'Kamis', '2019-08-15', 0, 12000, 0, 85000, 56000),
(515, 182, 89, 3, 'Minggu', '2019-08-12', 0, 0, 0, 0, 100000),
(516, 223, 91, 3, 'Jumat', '2019-08-16', 0, 0, 0, 60000, 0),
(517, 182, 89, 3, 'Jumat', '2019-08-16', 50000, 12000, 0, 85000, 50000),
(518, 181, 93, 3, 'Jumat', '2019-08-16', 0, 0, 0, 85000, 100000),
(519, 149, 94, 3, 'Jumat', '2019-08-16', 0, 0, 0, 85000, 186000),
(520, 183, 92, 3, 'Jumat', '2019-08-16', 0, 0, 0, 75000, 4000),
(523, 161, 90, 3, 'Jumat', '2019-08-16', 250000, 0, 0, 85000, 107000),
(524, 222, 95, 3, 'Jumat', '2019-08-16', 0, 10000, 0, 50000, 167000),
(525, 222, 97, 3, 'Sabtu', '2019-08-17', 0, 0, 0, 50000, 60000),
(526, 182, 89, 3, 'Sabtu', '2019-08-17', 250000, 0, 0, 85000, 198000),
(527, 182, 98, 3, 'Sabtu', '2019-08-17', 250000, 0, 0, 85000, 198000),
(528, 223, 101, 3, 'Sabtu', '2019-08-17', 0, 0, 0, 60000, 0),
(529, 183, 99, 3, 'Sabtu', '2019-08-17', 0, 0, 0, 75000, 9000),
(530, 161, 96, 3, 'Sabtu', '2019-08-17', 0, 0, 0, 85000, 0),
(533, 181, 103, 3, 'Sabtu', '2019-08-17', 245000, 0, 0, 85000, 25000),
(534, 182, 98, 3, 'Minggu', '2019-08-18', 0, 0, 0, 85000, 97500),
(535, 149, 102, 6, 'Sabtu', '2019-08-17', 0, 0, 0, 85000, 103000),
(536, 222, 97, 3, 'Minggu', '2019-08-18', 0, 0, 0, 50000, 12000),
(537, 223, 101, 3, 'Minggu', '2019-08-18', 0, 10000, 0, 60000, 5000),
(538, 181, 103, 3, 'Minggu', '2019-08-18', 0, 0, 22000, 85000, 23000),
(539, 183, 99, 3, 'Minggu', '2019-08-18', 160000, 12000, 0, 75000, 9000),
(540, 161, 96, 3, 'Minggu', '2019-08-18', 0, 0, 0, 85000, 110000),
(541, 149, 102, 3, 'Minggu', '2019-08-18', 0, 0, 0, 85000, 0),
(543, 182, 98, 3, 'Senin', '2019-08-19', 0, 12000, 0, 85000, 45000),
(544, 223, 101, 3, 'Selasa', '2019-08-19', 0, 0, 21000, 60000, 0),
(546, 183, 99, 3, 'Senin', '2019-08-19', 0, 0, 25000, 75000, 54000),
(548, 222, 97, 3, 'Senin', '2019-08-19', 0, 0, 0, 50000, 6000),
(549, 149, 102, 3, 'Senin', '2019-08-19', 225000, 25000, 0, 85000, 40000),
(550, 181, 103, 3, 'Senin', '2019-08-19', 0, 18000, 0, 85000, 40000),
(552, 161, 96, 3, 'Senin', '2019-08-19', 0, 0, 0, 85000, 38000),
(553, 223, 101, 3, 'Selasa', '2019-08-20', 0, 0, 0, 60000, 6000),
(554, 222, 97, 3, 'Selasa', '2019-08-20', 0, 10000, 22000, 50000, 20000),
(556, 183, 99, 3, 'Selasa', '2019-08-20', 0, 0, 0, 75000, 44000),
(557, 182, 98, 3, 'Selasa', '2019-08-20', 0, 0, 25000, 85000, 0),
(558, 149, 102, 3, 'Selasa', '2019-08-20', 0, 0, 25000, 85000, 15000),
(559, 181, 103, 3, 'Selasa', '2019-08-20', 0, 0, 0, 85000, 0),
(560, 161, 96, 3, 'Selasa', '2019-08-20', 0, 0, 0, 85000, 4000),
(561, 222, 97, 3, 'Rabu', '2019-08-21', 0, 0, 0, 50000, 0),
(562, 223, 101, 2, 'Rabu', '2019-08-21', 0, 6000, 0, 60000, 0),
(563, 149, 102, 3, 'Rabu', '2019-08-21', 0, 10000, 0, 85000, 0),
(564, 183, 92, 3, 'Rabu', '2019-08-21', 0, 6000, 0, 75000, 83000),
(566, 182, 98, 3, 'Rabu', '2019-08-21', 0, 12000, 0, 85000, 70000),
(568, 183, 99, 3, 'Rabu', '2019-08-21', 0, 6000, 0, 75000, 133000),
(569, 181, 103, 3, 'Rabu', '2019-08-21', 0, 18000, 22000, 85000, 176000),
(570, 161, 96, 3, 'Rabu', '2019-08-21', 0, 12000, 0, 85000, 30000),
(571, 222, 97, 3, 'Kamis', '2019-08-22', 0, 0, 0, 50000, 0),
(572, 223, 101, 2, 'Kamis', '2019-08-22', 0, 10000, 0, 60000, 17000),
(573, 182, 98, 3, 'Kamis', '2019-08-22', 36000, 0, 0, 85000, 50000),
(574, 183, 99, 3, 'Kamis', '2019-08-22', 0, 0, 0, 75000, 0),
(575, 181, 103, 3, 'Kamis', '2019-08-22', 0, 0, 0, 85000, 20000),
(576, 149, 102, 3, 'Kamis', '2019-08-22', 0, 0, 0, 85000, 26000),
(577, 161, 96, 2, 'Kamis', '2019-08-22', 0, 0, 0, 85000, 25000),
(578, 183, 99, 3, 'Jumat', '2019-08-23', 0, 0, 0, 75000, 0),
(579, 222, 97, 3, 'Jumat', '2019-08-23', 0, 0, 0, 50000, 0),
(581, 223, 101, 3, 'Jumat', '2019-08-23', 0, 0, 0, 60000, 0),
(582, 181, 103, 3, 'Jumat', '2019-08-23', 0, 18000, 0, 85000, 42000),
(583, 149, 102, 3, 'Jumat', '2019-08-23', 0, 0, 0, 85000, 107000),
(584, 182, 98, 3, 'Jumat', '2019-08-23', 0, 0, 0, 85000, 45000),
(586, 161, 96, 3, 'Jumat', '2019-08-23', 0, 12000, 27000, 85000, 56000),
(587, 183, 104, 3, 'Sabtu', '2019-08-24', 208000, 0, 25000, 75000, 174000),
(588, 182, 105, 3, 'Sabtu', '2019-08-24', 36000, 0, 0, 85000, 23000),
(589, 181, 93, 3, 'Sabtu', '2019-08-24', 0, 0, 0, 85000, 10000),
(590, 181, 107, 3, 'Sabtu', '2019-08-24', 0, 0, 0, 85000, 10000),
(592, 223, 108, 3, 'Sabtu', '2019-08-24', 0, 0, 0, 60000, 45000),
(593, 222, 106, 3, 'Sabtu', '2019-08-24', 0, 10000, 0, 50000, 20000),
(594, 149, 110, 3, 'Sabtu', '2019-08-24', 0, 0, 25000, 85000, 105000),
(596, 161, 109, 3, 'Sabtu', '2019-08-24', 0, 0, 0, 85000, 195000),
(597, 223, 108, 3, 'Minggu', '2019-08-25', 0, 6000, 21000, 60000, 47000),
(598, 183, 104, 3, 'Minggu', '2019-08-25', 0, 6000, 0, 75000, 4000),
(599, 222, 106, 3, 'Minggu', '2019-08-25', 0, 10000, 0, 50000, 205500),
(600, 182, 105, 3, 'Minggu', '2019-08-25', 0, 12000, 0, 85000, 0),
(601, 181, 107, 3, 'Minggu', '2019-08-25', 260000, 0, 22000, 85000, 5000),
(602, 149, 110, 3, 'Minggu', '2019-08-25', 0, 0, 0, 85000, 157000),
(604, 161, 109, 3, 'Minggu', '2019-08-25', 0, 0, 0, 85000, 100000),
(605, 223, 108, 3, 'Senin', '2019-08-26', 0, 6000, 0, 60000, 205000),
(608, 182, 105, 3, 'Senin', '2019-09-02', 36000, 0, 0, 85000, 0),
(609, 183, 104, 3, 'Senin', '2019-08-26', 0, 6000, 0, 75000, 8000),
(611, 182, 105, 3, 'Senin', '2019-08-26', 36000, 0, 0, 85000, 26000),
(612, 181, 107, 3, 'Senin', '2019-08-26', 0, 0, 0, 85000, 20000),
(613, 149, 110, 3, 'Senin', '2019-08-26', 0, 10000, 0, 85000, 15000),
(614, 161, 109, 3, 'Senin', '2019-08-26', 0, 0, 0, 85000, 100000),
(615, 222, 106, 3, 'Senin', '2019-08-26', 0, 10000, 22000, 50000, 263000),
(616, 222, 106, 3, 'Selasa', '2019-08-27', 200000, 0, 0, 50000, 26000),
(617, 223, 108, 3, 'Selasa', '2019-08-27', 0, 0, 0, 60000, 52000),
(618, 182, 105, 3, 'Selasa', '2019-08-27', 0, 0, 0, 85000, 35000),
(619, 149, 110, 3, 'Selasa', '2019-08-27', 0, 0, 0, 85000, 0),
(620, 181, 107, 3, 'Selasa', '2019-08-27', 0, 0, 0, 85000, 50000),
(623, 161, 109, 3, 'Selasa', '2019-08-27', 0, 10000, 0, 85000, 20000),
(625, 223, 108, 3, 'Rabu', '2019-08-28', 0, 6000, 0, 60000, 30000),
(626, 183, 83, 3, 'Rabu', '2019-08-28', 0, 12000, 0, 75000, 2000),
(627, 222, 106, 3, 'Rabu', '2019-08-28', 0, 10000, 0, 50000, 0),
(628, 183, 104, 3, 'Rabu', '2019-08-28', 0, 12000, 0, 75000, 2000),
(629, 149, 110, 3, 'Rabu', '2019-08-28', 0, 0, 50000, 85000, 115000),
(631, 161, 109, 3, 'Rabu', '2019-08-28', 0, 0, 0, 85000, 108000),
(632, 182, 105, 3, 'Rabu', '2019-08-28', 55000, 0, 50000, 85000, 35000),
(634, 181, 107, 3, 'Rabu', '2019-08-28', 0, 24000, 0, 85000, 20000),
(635, 223, 108, 3, 'Kamis', '2019-08-29', 0, 0, 22000, 60000, 200000),
(637, 222, 106, 3, 'Kamis', '2019-08-29', 0, 0, 0, 50000, 71000),
(638, 182, 105, 3, 'Kamis', '2019-08-29', 0, 12000, 0, 85000, 30000),
(639, 183, 104, 3, 'Kamis', '2019-08-29', 80000, 0, 0, 75000, 0),
(640, 181, 107, 3, 'Kamis', '2019-08-29', 0, 0, 0, 85000, 0),
(641, 149, 110, 3, 'Kamis', '2019-08-29', 0, 0, 0, 85000, 50000),
(643, 161, 109, 3, 'Kamis', '2019-08-29', 230000, 0, 0, 85000, 104500),
(644, 183, 104, 3, 'Sabtu', '2019-07-31', 0, 0, 0, 75000, 0),
(645, 182, 105, 3, 'Jumat', '2019-08-30', 36000, 0, 0, 85000, 0),
(646, 183, 104, 3, 'Jumat', '2019-08-30', 0, 6000, 0, 75000, 18000),
(647, 223, 108, 3, 'Jumat', '2019-08-30', 0, 6000, 0, 60000, 0),
(648, 222, 106, 3, 'Jumat', '2019-08-30', 0, 0, 0, 50000, 0),
(649, 183, 104, 3, 'Selasa', '2019-08-27', 0, 6000, 25000, 75000, 45000),
(650, 149, 110, 3, 'Jumat', '2019-08-30', 0, 0, 0, 85000, 145000),
(651, 161, 109, 3, 'Jumat', '2019-08-30', 0, 12000, 0, 85000, 35000),
(652, 181, 107, 3, 'Jumat', '2019-08-30', 0, 18000, 0, 85000, 15000),
(653, 222, 113, 3, 'Sabtu', '2019-08-31', 0, 10000, 22000, 50000, 10000),
(655, 223, 114, 3, 'Sabtu', '2019-08-31', 0, 6000, 0, 60000, 0),
(656, 149, 111, 3, 'Sabtu', '2019-08-31', 0, 0, 0, 85000, 80000),
(657, 182, 89, 3, 'Sabtu', '2019-08-31', 0, 0, 0, 85000, 40000),
(658, 182, 116, 3, 'Sabtu', '2019-08-31', 0, 0, 0, 85000, 40000),
(660, 181, 117, 3, 'Sabtu', '2019-08-31', 0, 0, 22000, 85000, 0),
(661, 181, 93, 3, 'Sabtu', '2019-08-31', 0, 0, 22000, 85000, 0),
(662, 161, 115, 3, 'Sabtu', '2019-08-31', 0, 0, 0, 85000, 218000),
(663, 223, 114, 3, 'Minggu', '2019-09-01', 0, 5000, 0, 60000, 60000),
(664, 222, 113, 3, 'Minggu', '2019-09-01', 0, 0, 0, 50000, 12000),
(665, 182, 116, 3, 'Minggu', '2019-09-01', 36000, 12000, 0, 85000, 26000),
(666, 181, 117, 3, 'Minggu', '2019-09-01', 0, 0, 0, 85000, 0),
(668, 149, 111, 3, 'Minggu', '2019-09-01', 0, 0, 0, 85000, 40000),
(669, 161, 115, 3, 'Minggu', '2019-09-01', 0, 0, 0, 85000, 0),
(670, 222, 113, 3, 'Senin', '2019-09-02', 0, 0, 0, 50000, 13000),
(672, 223, 114, 3, 'Senin', '2019-09-02', 0, 0, 0, 60000, 41000),
(673, 182, 116, 3, 'Senin', '2019-09-02', 36000, 0, 0, 85000, 0),
(675, 149, 111, 3, 'Senin', '2019-09-02', 240000, 30000, 0, 85000, 15000),
(676, 181, 117, 3, 'Senin', '2019-09-02', 0, 18000, 0, 85000, 0),
(678, 161, 115, 3, 'Senin', '2019-09-02', 0, 0, 0, 85000, 63000),
(679, 223, 114, 3, 'Selasa', '2019-09-03', 0, 0, 21000, 60000, 0),
(680, 222, 113, 3, 'Selasa', '2019-09-03', 0, 10000, 0, 50000, 0),
(681, 183, 112, 3, 'Selasa', '2019-09-03', 0, 0, 0, 75000, 52500),
(682, 183, 112, 3, 'Minggu', '2019-09-01', 0, 0, 0, 75000, 12000),
(683, 183, 112, 3, 'Senin', '2019-09-02', 0, 12000, 0, 75000, 12000),
(684, 181, 117, 3, 'Selasa', '2019-09-03', 0, 0, 0, 85000, 25000),
(685, 149, 111, 3, 'Selasa', '2019-09-03', 0, 0, 26000, 85000, 0),
(686, 182, 116, 3, 'Selasa', '2019-09-03', 0, 0, 0, 85000, 0),
(687, 161, 115, 3, 'Selasa', '2019-09-03', 0, 0, 27000, 85000, 100000),
(688, 222, 113, 3, 'Rabu', '2019-09-04', 0, 0, 0, 50000, 185000),
(690, 223, 114, 3, 'Rabu', '2019-09-04', 0, 5000, 0, 60000, 1000),
(691, 183, 112, 3, 'Rabu', '2019-10-01', 0, 12000, 25000, 75000, 52000),
(694, 183, 112, 3, 'Rabu', '2019-09-04', 0, 12000, 25000, 75000, 40000),
(695, 149, 111, 3, 'Rabu', '2019-09-04', 0, 0, 0, 85000, 95000),
(696, 181, 117, 3, 'Rabu', '2019-09-04', 0, 0, 22000, 85000, 641000),
(697, 182, 116, 3, 'Rabu', '2019-09-04', 37500, 0, 50000, 85000, 10000),
(698, 161, 115, 3, 'Rabu', '2019-09-04', 0, 0, 0, 85000, 17500),
(699, 222, 113, 3, 'Kamis', '2019-09-05', 0, 0, 22000, 50000, 0),
(700, 223, 114, 3, 'Kamis', '2019-09-05', 0, 0, 0, 60000, 2000),
(701, 183, 112, 3, 'Kamis', '2019-09-05', 48000, 0, 0, 75000, 14000),
(702, 149, 111, 3, 'Kamis', '2019-09-05', 0, 10000, 0, 85000, 17500),
(703, 181, 117, 3, 'Kamis', '2019-09-05', 0, 0, 0, 85000, 30000),
(704, 182, 116, 3, 'Kamis', '2019-09-05', 37500, 12000, 0, 85000, 20000),
(705, 161, 115, 3, 'Kamis', '2019-09-05', 0, 12000, 0, 85000, 150000),
(706, 183, 112, 3, 'Sabtu', '2019-07-31', 168000, 12000, 25000, 75000, 192500),
(707, 183, 112, 3, 'Sabtu', '2019-08-31', 168000, 12000, 25000, 75000, 192500),
(708, 183, 112, 3, 'Jumat', '2019-09-06', 0, 0, 0, 75000, 0),
(709, 182, 116, 3, 'Jumat', '2019-09-06', 137500, 0, 0, 85000, 0),
(711, 223, 114, 3, 'Jumat', '2019-09-06', 0, 6000, 0, 60000, 211000),
(712, 181, 117, 3, 'Jumat', '2019-09-06', 0, 0, 0, 85000, 0),
(713, 222, 113, 3, 'Jumat', '2019-09-06', 0, 10000, 0, 50000, 6000),
(715, 149, 111, 3, 'Jumat', '2019-09-06', 0, 10000, 0, 85000, 66000),
(716, 161, 115, 3, 'Jumat', '2019-09-06', 0, 0, 0, 85000, 50000),
(717, 223, 120, 3, 'Sabtu', '2019-09-07', 0, 0, 21000, 60000, 20000),
(718, 183, 119, 3, 'Sabtu', '2019-09-07', 200000, 11000, 25000, 75000, 186000),
(719, 182, 122, 3, 'Sabtu', '2019-09-07', 137000, 6000, 0, 85000, 55000),
(720, 222, 121, 3, 'Sabtu', '2019-09-07', 0, 0, 0, 50000, 0),
(721, 149, 123, 3, 'Sabtu', '2019-09-07', 0, 0, 0, 85000, 0),
(722, 181, 125, 3, 'Sabtu', '2019-09-07', 260000, 18000, 22000, 85000, 0),
(723, 161, 90, 3, 'Sabtu', '2019-09-07', 0, 0, 0, 85000, 30000),
(724, 161, 124, 3, 'Sabtu', '2019-09-07', 0, 0, 0, 85000, 30000),
(725, 223, 120, 3, 'Minggu', '2019-09-08', 220000, 6000, 0, 60000, 70000),
(726, 222, 121, 3, 'Minggu', '2019-09-08', 0, 0, 0, 50000, 15000),
(727, 181, 125, 3, 'Minggu', '2019-09-08', 0, 0, 0, 85000, 0),
(728, 183, 119, 3, 'Minggu', '2019-09-08', 0, 12000, 0, 75000, 18000),
(730, 149, 123, 3, 'Minggu', '2019-09-08', 0, 0, 0, 85000, 150000),
(731, 182, 122, 3, 'Minggu', '2019-09-08', 0, 0, 25000, 85000, 0),
(732, 161, 124, 3, 'Minggu', '2019-09-08', 0, 0, 0, 85000, 10000),
(734, 223, 120, 3, 'Senin', '2019-09-09', 0, 0, 0, 60000, 3000),
(735, 181, 93, 3, 'Senin', '2019-09-09', 0, 0, 0, 85000, 91000),
(736, 181, 125, 3, 'Senin', '2019-09-09', 0, 0, 0, 85000, 91000),
(737, 222, 121, 3, 'Senin', '2019-09-09', 0, 10000, 0, 50000, 6000),
(738, 182, 122, 3, 'Senin', '2019-09-09', 0, 12000, 0, 85000, 20000),
(739, 149, 123, 3, 'Senin', '2019-09-09', 0, 0, 25000, 85000, 0),
(740, 183, 119, 3, 'Senin', '2019-09-09', 0, 0, 25000, 75000, 18000),
(741, 161, 124, 3, 'Senin', '2019-09-09', 0, 0, 0, 85000, 8000),
(742, 223, 120, 3, 'Selasa', '2019-09-10', 0, 0, 0, 60000, 0),
(743, 222, 121, 3, 'Selasa', '2019-09-10', 0, 0, 0, 50000, 30000),
(744, 149, 123, 3, 'Selasa', '2019-09-10', 0, 10000, 0, 85000, 0),
(745, 182, 122, 3, 'Selasa', '2019-09-10', 0, 0, 0, 85000, 0),
(746, 181, 125, 3, 'Selasa', '2019-09-10', 0, 18000, 0, 85000, 25000),
(748, 161, 124, 3, 'Selasa', '2019-09-10', 0, 12000, 25000, 85000, 43500),
(749, 183, 119, 3, 'Selasa', '2019-09-10', 0, 0, 0, 75000, 63000),
(751, 223, 120, 3, 'Rabu', '2019-09-11', 0, 0, 0, 60000, 0),
(753, 149, 123, 3, 'Rabu', '2019-09-11', 0, 0, 0, 85000, 0),
(754, 222, 121, 3, 'Rabu', '2019-09-11', 0, 0, 0, 50000, 0),
(755, 183, 119, 3, 'Rabu', '2019-09-11', 0, 12000, 0, 75000, 57000),
(756, 181, 125, 3, 'Rabu', '2019-09-11', 0, 0, 0, 85000, 40000),
(758, 161, 124, 3, 'Rabu', '2019-09-11', 0, 0, 0, 85000, 275000),
(759, 182, 122, 3, 'Rabu', '2019-09-11', 0, 6000, 0, 85000, 35000),
(760, 223, 120, 3, 'Kamis', '2019-09-12', 0, 0, 0, 60000, 5000),
(761, 222, 121, 3, 'Kamis', '2019-09-12', 0, 10000, 0, 50000, 8000),
(762, 183, 119, 3, 'Kamis', '2019-09-12', 0, 0, 0, 75000, 9000),
(763, 182, 122, 3, 'Kamis', '2019-09-12', 0, 0, 0, 85000, 32000),
(764, 181, 125, 3, 'Kamis', '2019-09-12', 0, 12000, 22000, 85000, 2000),
(766, 161, 124, 3, 'Kamis', '2019-09-12', 0, 0, 0, 85000, 66000),
(767, 149, 123, 3, 'Kamis', '2019-09-12', 0, 0, 0, 85000, 57000),
(768, 183, 119, 3, 'Jumat', '2019-09-13', 24000, 6000, 0, 75000, 369000),
(769, 222, 121, 3, 'Jumat', '2019-09-13', 200000, 0, 0, 50000, 0),
(770, 223, 120, 3, 'Jumat', '2019-09-13', 0, 0, 0, 60000, 3000),
(771, 182, 122, 3, 'Jumat', '2019-09-13', 137000, 12000, 25000, 85000, 30000),
(772, 181, 125, 3, 'Jumat', '2019-09-13', 0, 0, 0, 85000, 0),
(773, 149, 123, 3, 'Jumat', '2019-09-13', 240000, 10000, 25000, 85000, 112000),
(774, 161, 124, 3, 'Jumat', '2019-09-13', 0, 0, 0, 85000, 175000),
(775, 222, 126, 4, 'Sabtu', '2019-09-14', 0, 0, 22000, 50000, 120000),
(776, 223, 127, 4, 'Sabtu', '2019-09-14', 0, 5000, 21000, 60000, 36000),
(777, 182, 128, 4, 'Sabtu', '2019-09-14', 0, 0, 0, 85000, 60000),
(778, 149, 131, 3, 'Sabtu', '2019-09-14', 0, 0, 0, 85000, 0),
(781, 181, 132, 4, 'Sabtu', '2019-09-14', 0, 12000, 0, 85000, 21000),
(782, 161, 130, 4, 'Sabtu', '2019-09-14', 0, 0, 0, 85000, 33000),
(783, 223, 127, 4, 'Minggu', '2019-09-15', 0, 5000, 0, 60000, 0),
(784, 222, 126, 4, 'Minggu', '2019-09-15', 0, 0, 0, 50000, 0),
(785, 181, 132, 4, 'Minggu', '2019-09-15', 0, 12000, 0, 85000, 105000),
(786, 182, 128, 4, 'Minggu', '2019-09-15', 0, 12000, 0, 85000, 22500),
(787, 183, 129, 4, 'Minggu', '2019-09-15', 0, 6000, 0, 75000, 28000),
(788, 149, 131, 3, 'Minggu', '2019-09-15', 0, 0, 0, 85000, 70000),
(789, 161, 130, 4, 'Minggu', '2019-09-15', 0, 12000, 0, 85000, 200000),
(790, 222, 126, 4, 'Senin', '2019-09-16', 0, 5000, 0, 50000, 11000),
(792, 223, 127, 4, 'Senin', '2019-09-16', 0, 0, 21000, 60000, 22000),
(793, 183, 129, 4, 'Senin', '2019-09-16', 0, 12000, 0, 75000, 12000),
(794, 182, 128, 4, 'Senin', '2019-09-16', 0, 0, 35000, 85000, 0),
(795, 181, 132, 4, 'Senin', '2019-09-16', 0, 0, 0, 85000, 51000),
(796, 149, 131, 4, 'Senin', '2019-09-16', 0, 0, 0, 85000, 175000),
(797, 161, 130, 4, 'Senin', '2019-09-16', 240000, 0, 35000, 85000, 100000),
(798, 222, 126, 4, 'Selasa', '2019-09-17', 0, 0, 0, 50000, 0),
(799, 183, 129, 4, 'Selasa', '2019-09-17', 0, 0, 0, 75000, 61500),
(800, 223, 127, 4, 'Selasa', '2019-09-17', 0, 0, 0, 60000, 55000),
(801, 181, 132, 4, 'Selasa', '2019-09-17', 0, 0, 22000, 85000, 57000),
(802, 149, 131, 4, 'Selasa', '2019-09-17', 0, 10000, 24000, 85000, 145000),
(803, 182, 128, 4, 'Selasa', '2019-09-17', 137000, 0, 0, 85000, 20000),
(805, 161, 130, 4, 'Selasa', '2019-09-17', 0, 0, 0, 85000, 80000),
(807, 222, 126, 4, 'Rabu', '2019-09-18', 0, 10000, 0, 50000, 196000),
(808, 223, 127, 4, 'Rabu', '2019-09-18', 0, 6000, 0, 60000, 13500),
(809, 181, 132, 4, 'Rabu', '2019-09-18', 260000, 18000, 0, 85000, 55000),
(810, 149, 131, 4, 'Rabu', '2019-09-18', 0, 0, 0, 85000, 0),
(812, 182, 128, 4, 'Rabu', '2019-09-18', 0, 12000, 0, 85000, 228000),
(814, 161, 130, 4, 'Rabu', '2019-09-18', 0, 12000, 0, 85000, 77000),
(816, 223, 127, 4, 'Kamis', '2019-09-19', 0, 0, 0, 60000, 0),
(817, 222, 126, 4, 'Kamis', '2019-09-19', 0, 0, 0, 50000, 20500),
(819, 182, 128, 4, 'Kamis', '2019-09-19', 0, 0, 25000, 85000, 31500),
(820, 183, 129, 4, 'Kamis', '2019-09-19', 0, 12000, 0, 75000, 40000),
(821, 181, 132, 4, 'Kamis', '2019-09-19', 0, 0, 0, 85000, 120000),
(822, 149, 131, 4, 'Kamis', '2019-09-19', 0, 0, 24000, 85000, 15000),
(823, 161, 130, 4, 'Kamis', '2019-09-19', 0, 0, 0, 85000, 10000),
(824, 183, 129, 4, 'Sabtu', '2019-09-14', 190000, 12000, 25000, 75000, 7000),
(825, 183, 129, 4, 'Sabtu', '2019-09-18', 0, 0, 25000, 75000, 5000),
(826, 183, 129, 4, 'Jumat', '2019-09-20', 0, 0, 0, 75000, 0),
(827, 223, 120, 4, 'Jumat', '2019-09-20', 0, 5000, 0, 60000, 40000),
(828, 223, 127, 4, 'Jumat', '2019-09-20', 0, 5000, 0, 60000, 40000),
(829, 222, 126, 4, 'Jumat', '2019-09-20', 0, 10000, 0, 50000, 30000),
(830, 182, 128, 4, 'Jumat', '2019-09-20', 0, 12000, 25000, 85000, 0),
(832, 181, 132, 4, 'Jumat', '2019-09-20', 0, 0, 0, 85000, 0),
(833, 161, 130, 4, 'Jumat', '2019-09-20', 0, 0, 0, 85000, 0),
(834, 149, 131, 4, 'Jumat', '2019-09-20', 0, 0, 0, 85000, 45000),
(837, 149, 136, 4, 'Sabtu', '2019-09-21', 0, 0, 0, 85000, 0),
(838, 161, 134, 4, 'Sabtu', '2019-09-21', 0, 0, 25000, 85000, 0),
(839, 222, 137, 4, 'Sabtu', '2019-09-21', 0, 0, 0, 50000, 0),
(840, 181, 139, 4, 'Sabtu', '2019-09-21', 0, 0, 22000, 85000, 0),
(841, 182, 140, 4, 'Sabtu', '2019-09-21', 200000, 0, 0, 85000, 80000),
(842, 183, 138, 4, 'Sabtu', '2019-09-21', 210000, 12000, 25000, 75000, 157000),
(843, 223, 133, 4, 'Sabtu', '2019-09-21', 0, 0, 0, 60000, 63000),
(845, 223, 133, 4, 'Minggu', '2019-09-22', 0, 0, 0, 60000, 3000),
(846, 222, 137, 4, 'Minggu', '2019-09-22', 0, 0, 0, 50000, 221500),
(847, 181, 139, 4, 'Minggu', '2019-09-22', 0, 18000, 0, 85000, 14000),
(849, 149, 136, 4, 'Minggu', '2019-09-22', 0, 0, 0, 85000, 18000),
(850, 182, 140, 4, 'Minggu', '2019-09-22', 0, 6000, 0, 85000, 30000),
(852, 161, 134, 4, 'Minggu', '2019-09-22', 0, 10000, 0, 85000, 226000),
(854, 183, 138, 4, 'Minggu', '2019-09-22', 0, 0, 0, 75000, 53000),
(855, 223, 133, 4, 'Senin', '2019-09-23', 480000, 5000, 0, 60000, 28000),
(858, 222, 137, 4, 'Senin', '2019-09-23', 0, 0, 0, 50000, 24000),
(859, 181, 139, 4, 'Senin', '2019-09-23', 0, 0, 0, 85000, 180000),
(862, 149, 136, 4, 'Senin', '2019-09-23', 0, 0, 0, 85000, 0),
(863, 182, 140, 4, 'Senin', '2019-09-23', 0, 0, 0, 85000, 25000),
(864, 161, 134, 4, 'Senin', '2019-09-23', 0, 0, 0, 85000, 50000),
(865, 183, 138, 4, 'Senin', '2019-09-23', 0, 12000, 0, 75000, 11000),
(868, 222, 137, 4, 'Selasa', '2019-09-24', 0, 10000, 0, 50000, 16000),
(870, 182, 140, 4, 'Selasa', '2019-09-24', 0, 6000, 0, 85000, 8000),
(871, 149, 136, 4, 'Selasa', '2019-09-24', 0, 5000, 25000, 85000, 0),
(872, 161, 134, 4, 'Selasa', '2019-09-24', 0, 0, 0, 85000, 27000),
(874, 181, 139, 4, 'Selasa', '2019-09-24', 0, 0, 22000, 85000, 38000),
(878, 222, 137, 4, 'Rabu', '2019-09-25', 0, 0, 0, 50000, 0),
(879, 223, 133, 4, 'Selasa', '2019-09-24', 0, 5000, 0, 60000, 0),
(880, 223, 133, 4, 'Rabu', '2019-09-25', 0, 0, 22000, 60000, 23000),
(881, 181, 139, 4, 'Rabu', '2019-09-25', 0, 0, 0, 85000, 0),
(882, 182, 140, 4, 'Rabu', '2019-09-25', 0, 6000, 0, 85000, 60000),
(884, 149, 136, 4, 'Rabu', '2019-09-25', 240000, 5000, 0, 85000, 145000),
(885, 161, 134, 4, 'Rabu', '2019-09-25', 0, 0, 0, 85000, 6000),
(886, 183, 138, 4, 'Rabu', '2019-09-25', 0, 12000, 25000, 75000, 66000),
(887, 223, 133, 4, 'Kamis', '2019-09-26', 0, 0, 0, 60000, 13000),
(888, 149, 136, 4, 'Kamis', '2019-09-26', 0, 0, 0, 85000, 0),
(890, 181, 139, 4, 'Kamis', '2019-09-26', 260000, 12000, 22000, 85000, 229000),
(891, 222, 137, 4, 'Kamis', '2019-09-26', 0, 0, 44000, 50000, 185000),
(892, 161, 134, 4, 'Kamis', '2019-09-26', 0, 10000, 0, 85000, 55000),
(893, 183, 138, 4, 'Kamis', '2019-09-26', 48000, 0, 0, 75000, 22000),
(895, 223, 133, 4, 'Jumat', '2019-09-27', 0, 5000, 0, 60000, 0),
(896, 183, 138, 4, 'Jumat', '2019-09-27', 0, 0, 0, 75000, 12000),
(898, 183, 138, 4, 'Selasa', '2019-09-24', 0, 0, 0, 75000, 10500),
(899, 149, 136, 4, 'Jumat', '2019-09-27', 0, 0, 0, 85000, 100000),
(900, 222, 137, 4, 'Jumat', '2019-09-27', 0, 0, 0, 50000, 0),
(901, 181, 139, 4, 'Jumat', '2019-09-27', 0, 12000, 0, 85000, 40000),
(902, 182, 140, 4, 'Jumat', '2019-09-27', 36000, 6000, 0, 85000, 202000),
(903, 161, 134, 4, 'Jumat', '2019-09-27', 0, 0, 0, 85000, 9000),
(904, 182, 140, 4, 'Kamis', '2019-09-26', 0, 6000, 26000, 85000, 20000),
(905, 222, 143, 4, 'Sabtu', '2019-09-28', 0, 10000, 0, 50000, 54000),
(906, 182, 145, 4, 'Sabtu', '2019-09-28', 0, 6000, 0, 85000, 3000),
(907, 161, 141, 4, 'Sabtu', '2019-09-28', 0, 0, 0, 85000, 0),
(908, 149, 146, 4, 'Sabtu', '2019-09-28', 0, 0, 0, 85000, 0),
(909, 181, 147, 4, 'Sabtu', '2019-09-28', 0, 0, 0, 85000, 0),
(910, 223, 144, 4, 'Sabtu', '2019-09-28', 0, 0, 0, 60000, 0),
(911, 183, 148, 4, 'Sabtu', '2019-09-28', 0, 12000, 25000, 75000, 85000),
(912, 223, 144, 4, 'Minggu', '2019-09-29', 0, 0, 0, 60000, 5000),
(913, 222, 143, 4, 'Minggu', '2019-09-29', 0, 0, 0, 50000, 0),
(914, 183, 148, 4, 'Minggu', '2019-09-29', 0, 0, 0, 75000, 0),
(915, 182, 145, 4, 'Minggu', '2019-09-29', 40000, 12000, 52000, 85000, 70000),
(916, 149, 146, 4, 'Minggu', '2019-09-29', 0, 0, 0, 85000, 118000),
(917, 161, 141, 4, 'Minggu', '2019-09-29', 0, 12000, 25000, 85000, 60500),
(918, 181, 147, 4, 'Minggu', '2019-09-29', 0, 0, 0, 85000, 0),
(919, 223, 144, 4, 'Senin', '2019-09-30', 0, 0, 22000, 60000, 30000),
(920, 183, 148, 4, 'Senin', '2019-09-30', 0, 12000, 0, 75000, 68500),
(921, 222, 143, 4, 'Senin', '2019-09-30', 0, 0, 0, 50000, 28000),
(923, 181, 147, 4, 'Senin', '2019-09-30', 0, 0, 0, 85000, 33500),
(924, 182, 145, 4, 'Senin', '2019-09-30', 0, 0, 0, 85000, 20000),
(925, 149, 146, 4, 'Senin', '2019-09-30', 0, 10000, 50000, 85000, 0),
(927, 161, 141, 4, 'Senin', '2019-09-30', 0, 0, 0, 85000, 46000),
(928, 222, 143, 4, 'Selasa', '2019-10-01', 0, 0, 0, 50000, 38000),
(929, 223, 144, 4, 'Selasa', '2019-10-01', 0, 5000, 0, 60000, 0),
(930, 183, 148, 4, 'Selasa', '2019-10-01', 0, 0, 25000, 75000, 74000),
(931, 149, 146, 4, 'Selasa', '2019-10-01', 0, 0, 0, 85000, 150000),
(932, 161, 141, 4, 'Selasa', '2019-10-01', 0, 0, 0, 85000, 0),
(933, 182, 145, 4, 'Selasa', '2019-10-01', 80000, 12000, 0, 85000, 50000),
(935, 181, 93, 4, 'Selasa', '2019-10-01', 0, 12000, 0, 85000, 53000),
(937, 181, 147, 4, 'Selasa', '2019-10-01', 0, 12000, 0, 85000, 41000),
(938, 223, 144, 4, 'Rabu', '2019-10-02', 0, 0, 0, 60000, 78000),
(939, 149, 146, 4, 'Rabu', '2019-10-02', 0, 0, 0, 85000, 100000),
(940, 181, 147, 4, 'Rabu', '2019-10-02', 0, 0, 0, 85000, 20000),
(941, 183, 148, 4, 'Rabu', '2019-10-02', 0, 9000, 0, 75000, 5000),
(942, 222, 143, 4, 'Rabu', '2019-10-02', 0, 0, 0, 50000, 3000);
INSERT INTO `credit_rincian_biaya_op` (`id_rincian`, `id_user`, `id_set`, `id_cabutan`, `hari`, `tanggal`, `biaya_beras`, `biaya_air_galon`, `biaya_gas`, `biaya_resiko`, `biaya_lain`) VALUES
(943, 161, 141, 4, 'Rabu', '2019-10-02', 0, 12000, 0, 85000, 37000),
(944, 182, 145, 4, 'Rabu', '2019-10-02', 36000, 0, 0, 85000, 38000),
(945, 223, 144, 4, 'Kamis', '2019-10-03', 0, 0, 0, 60000, 62000),
(947, 222, 143, 4, 'Kamis', '2019-10-03', 0, 0, 0, 50000, 5000),
(948, 183, 148, 4, 'Kamis', '2019-10-03', 48000, 0, 0, 75000, 26000),
(949, 182, 145, 4, 'Kamis', '2019-10-03', 0, 0, 0, 85000, 22000),
(950, 181, 147, 4, 'Kamis', '2019-10-03', 0, 12000, 25000, 85000, 0),
(951, 149, 146, 4, 'Kamis', '2019-10-03', 0, 0, 0, 85000, 287000),
(953, 161, 141, 4, 'Kamis', '2019-10-03', 0, 0, 0, 85000, 28000),
(954, 183, 148, 4, 'Jumat', '2019-10-04', 0, 0, 25000, 75000, 16000),
(955, 223, 144, 4, 'Jumat', '2019-10-04', 0, 5000, 0, 60000, 0),
(957, 182, 145, 4, 'Jumat', '2019-10-04', 13000, 0, 0, 85000, 87000),
(958, 222, 143, 4, 'Jumat', '2019-10-04', 0, 10000, 0, 50000, 94000),
(959, 181, 147, 4, 'Jumat', '2019-10-04', 0, 0, 0, 85000, 95000),
(960, 161, 141, 4, 'Jumat', '2019-10-04', 240000, 12000, 0, 85000, 100000),
(961, 149, 146, 4, 'Jumat', '2019-10-04', 0, 0, 0, 85000, 0),
(962, 182, 152, 4, 'Sabtu', '2019-10-05', 0, 0, 0, 85000, 5000),
(963, 223, 149, 4, 'Sabtu', '2019-10-05', 0, 0, 0, 60000, 0),
(964, 222, 153, 4, 'Sabtu', '2019-10-05', 0, 0, 0, 50000, 0),
(965, 161, 151, 4, 'Sabtu', '2019-10-05', 0, 0, 0, 85000, 51000),
(966, 183, 150, 4, 'Sabtu', '2019-10-05', 170000, 12000, 0, 75000, 93000),
(967, 149, 154, 4, 'Sabtu', '2019-10-05', 0, 0, 0, 85000, 0),
(968, 181, 155, 4, 'Sabtu', '2019-10-05', 260000, 0, 24000, 85000, 105000),
(969, 222, 153, 4, 'Minggu', '2019-10-06', 0, 0, 0, 50000, 19000),
(971, 181, 155, 4, 'Minggu', '2019-10-06', 0, 0, 0, 85000, 102000),
(972, 223, 149, 4, 'Minggu', '2019-10-06', 0, 0, 22000, 60000, 8000),
(974, 182, 152, 4, 'Minggu', '2019-10-06', 40000, 0, 0, 85000, 20000),
(975, 149, 154, 4, 'Minggu', '2019-10-06', 0, 0, 0, 85000, 20000),
(978, 161, 151, 4, 'Minggu', '2019-10-06', 0, 0, 0, 85000, 296500),
(979, 183, 150, 4, 'Minggu', '2019-10-06', 0, 0, 0, 75000, 47000),
(980, 223, 149, 4, 'Senin', '2019-10-07', 0, 5000, 0, 60000, 10000),
(981, 181, 155, 4, 'Senin', '2019-10-07', 0, 12000, 0, 85000, 7000),
(983, 222, 153, 4, 'Senin', '2019-10-07', 0, 0, 0, 50000, 0),
(984, 149, 154, 4, 'Senin', '2019-10-07', 240000, 15000, 27000, 85000, 118000),
(985, 161, 151, 4, 'Senin', '2019-10-07', 0, 12000, 0, 85000, 100000),
(986, 183, 150, 4, 'Senin', '2019-10-07', 0, 12000, 0, 75000, 84500),
(987, 223, 149, 4, 'Selasa', '2019-10-08', 0, 0, 0, 60000, 0),
(988, 181, 155, 4, 'Selasa', '2019-10-08', 0, 0, 0, 85000, 8000),
(989, 222, 153, 4, 'Selasa', '2019-10-08', 0, 0, 0, 50000, 0),
(990, 183, 150, 4, 'Selasa', '2019-10-08', 0, 0, 0, 75000, 0),
(991, 149, 154, 4, 'Selasa', '2019-10-08', 0, 0, 0, 85000, 10000),
(992, 161, 151, 4, 'Selasa', '2019-10-08', 0, 0, 25000, 85000, 95000),
(994, 182, 152, 4, 'Senin', '2019-10-07', 0, 0, 25000, 85000, 8000),
(995, 182, 152, 4, 'Selasa', '2019-10-08', 0, 6000, 0, 85000, 283000),
(996, 223, 149, 4, 'Rabu', '2019-10-09', 0, 0, 0, 60000, 27000),
(997, 181, 155, 4, 'Rabu', '2019-10-09', 0, 0, 0, 85000, 457500),
(998, 182, 152, 4, 'Rabu', '2019-10-09', 37000, 6000, 0, 85000, 0),
(999, 161, 151, 4, 'Rabu', '2019-10-09', 0, 0, 0, 85000, 29000),
(1000, 222, 153, 4, 'Rabu', '2019-10-09', 0, 0, 0, 50000, 0),
(1001, 183, 150, 4, 'Rabu', '2019-10-09', 0, 12000, 25000, 75000, 5000),
(1003, 149, 154, 4, 'Rabu', '2019-10-09', 0, 10000, 0, 85000, 0),
(1005, 223, 149, 4, 'Kamis', '2019-10-10', 0, 5000, 0, 60000, 16000),
(1006, 222, 153, 4, 'Kamis', '2019-10-10', 0, 0, 0, 50000, 0),
(1008, 181, 155, 4, 'Kamis', '2019-10-10', 0, 0, 0, 85000, 68000),
(1010, 182, 152, 4, 'Kamis', '2019-10-10', 0, 6000, 0, 85000, 20000),
(1011, 149, 154, 4, 'Kamis', '2019-10-10', 0, 5000, 0, 85000, 200000),
(1012, 161, 151, 4, 'Kamis', '2019-10-10', 0, 10000, 0, 85000, 5000),
(1013, 222, 153, 4, 'Jumat', '2019-10-11', 0, 0, 0, 50000, 35000),
(1014, 223, 149, 4, 'Jumat', '2019-10-11', 0, 0, 0, 60000, 0),
(1015, 183, 150, 4, 'Kamis', '2019-10-10', 0, 0, 0, 75000, 4000),
(1016, 183, 150, 4, 'Jumat', '2019-10-11', 0, 0, 0, 75000, 0),
(1017, 182, 152, 4, 'Jumat', '2019-10-11', 37000, 6000, 0, 85000, 20000),
(1018, 149, 154, 4, 'Jumat', '2019-10-11', 0, 5000, 0, 85000, 20000),
(1019, 161, 151, 4, 'Jumat', '2019-10-11', 0, 0, 0, 85000, 0),
(1020, 181, 155, 4, 'Jumat', '2019-10-11', 0, 12000, 24000, 85000, 65000),
(1021, 222, 156, 4, 'Sabtu', '2019-10-12', 0, 0, 0, 50000, 0),
(1022, 183, 157, 4, 'Sabtu', '2019-10-12', 200000, 12000, 0, 75000, 103000),
(1023, 223, 160, 4, 'Sabtu', '2019-10-12', 0, 0, 0, 60000, 50000),
(1024, 181, 159, 4, 'Sabtu', '2019-10-12', 0, 0, 0, 85000, 24000),
(1025, 182, 161, 4, 'Sabtu', '2019-10-12', 0, 0, 0, 85000, 35000),
(1026, 149, 162, 5, 'Sabtu', '2019-10-12', 0, 0, 0, 85000, 0),
(1027, 161, 158, 4, 'Sabtu', '2019-10-12', 0, 0, 0, 85000, 0),
(1028, 222, 156, 4, 'Minggu', '2019-10-13', 0, 0, 0, 50000, 130000),
(1030, 181, 159, 4, 'Minggu', '2019-10-13', 0, 0, 0, 85000, 0),
(1031, 182, 161, 4, 'Minggu', '2019-10-13', 76000, 12000, 50000, 85000, 0),
(1032, 183, 157, 4, 'Minggu', '2019-10-13', 0, 0, 0, 75000, 55000),
(1033, 161, 158, 4, 'Minggu', '2019-10-13', 0, 10000, 25000, 85000, 55000),
(1034, 149, 162, 4, 'Minggu', '2019-10-13', 0, 10000, 25000, 85000, 45000),
(1035, 223, 160, 4, 'Minggu', '2019-10-13', 0, 7000, 0, 60000, 18000),
(1036, 222, 156, 4, 'Senin', '2019-10-14', 0, 10000, 0, 50000, 5000),
(1038, 223, 160, 4, 'Senin', '2019-10-14', 0, 0, 0, 60000, 0),
(1039, 161, 158, 4, 'Senin', '2019-10-14', 0, 12000, 0, 85000, 0),
(1040, 149, 162, 4, 'Senin', '2019-10-14', 0, 0, 0, 85000, 65000),
(1041, 182, 161, 4, 'Senin', '2019-10-14', 0, 0, 20000, 85000, 15000),
(1042, 181, 159, 4, 'Senin', '2019-10-14', 260000, 0, 0, 85000, 0),
(1043, 183, 157, 4, 'Senin', '2019-10-14', 0, 0, 0, 75000, 94500),
(1044, 223, 160, 4, 'Selasa', '2019-10-15', 0, 0, 0, 60000, 18000),
(1045, 222, 156, 4, 'Selasa', '2019-10-15', 0, 0, 0, 50000, 20000),
(1046, 183, 157, 4, 'Selasa', '2019-10-15', 0, 0, 25000, 75000, 0),
(1047, 149, 162, 4, 'Selasa', '2019-10-15', 0, 10000, 0, 85000, 44000),
(1048, 161, 158, 4, 'Selasa', '2019-10-15', 0, 0, 25000, 85000, 37000),
(1049, 181, 159, 4, 'Selasa', '2019-10-15', 0, 19000, 24000, 85000, 28000),
(1050, 182, 161, 4, 'Selasa', '2019-10-15', 240000, 0, 0, 85000, 15000),
(1051, 223, 160, 4, 'Rabu', '2019-10-16', 0, 0, 0, 60000, 52000),
(1052, 222, 156, 4, 'Rabu', '2019-10-16', 0, 0, 0, 50000, 4000),
(1053, 183, 157, 4, 'Rabu', '2019-10-16', 0, 12000, 0, 75000, 0),
(1054, 181, 159, 4, 'Rabu', '2019-10-16', 0, 0, 0, 85000, 159000),
(1055, 149, 162, 4, 'Rabu', '2019-10-16', 0, 0, 0, 85000, 0),
(1056, 161, 158, 4, 'Rabu', '2019-10-16', 240000, 10000, 0, 85000, 5000),
(1057, 182, 161, 4, 'Rabu', '2019-10-16', 0, 6000, 25000, 85000, 0),
(1058, 223, 160, 4, 'Kamis', '2019-10-17', 0, 12000, 21000, 60000, 0),
(1059, 183, 157, 4, 'Kamis', '2019-10-17', 0, 0, 25000, 75000, 0),
(1060, 181, 159, 4, 'Kamis', '2019-10-17', 0, 0, 0, 85000, 0),
(1061, 222, 156, 4, 'Kamis', '2019-10-17', 128000, 0, 0, 50000, 0),
(1062, 149, 162, 4, 'Kamis', '2019-10-17', 240000, 5000, 0, 85000, 132000),
(1063, 182, 161, 4, 'Kamis', '2019-10-17', 0, 0, 0, 85000, 40000),
(1064, 161, 158, 4, 'Kamis', '2019-10-17', 0, 0, 0, 85000, 4000),
(1065, 183, 157, 4, 'Jumat', '2019-10-18', 0, 0, 0, 75000, 150000),
(1066, 223, 160, 4, 'Jumat', '2019-10-18', 0, 0, 0, 60000, 0),
(1067, 222, 156, 4, 'Jumat', '2019-10-18', 0, 0, 0, 50000, 580000),
(1068, 182, 161, 4, 'Jumat', '2019-10-18', 0, 12000, 0, 85000, 70000),
(1069, 181, 159, 4, 'Jumat', '2019-10-18', 0, 18000, 0, 85000, 50000),
(1070, 149, 162, 4, 'Jumat', '2019-10-18', 0, 5000, 25000, 85000, 157000),
(1071, 161, 158, 4, 'Jumat', '2019-10-18', 0, 0, 0, 85000, 437500),
(1073, 223, 165, 5, 'Sabtu', '2019-10-19', 0, 0, 0, 60000, 15000),
(1074, 182, 164, 5, 'Sabtu', '2019-10-19', 0, 0, 27000, 85000, 0),
(1075, 222, 166, 5, 'Sabtu', '2019-10-19', 0, 0, 0, 50000, 0),
(1076, 181, 167, 5, 'Sabtu', '2019-10-19', 0, 0, 0, 85000, 0),
(1077, 183, 168, 5, 'Sabtu', '2019-10-19', 200000, 12000, 0, 75000, 30000),
(1078, 149, 169, 5, 'Sabtu', '2019-10-19', 0, 0, 0, 85000, 100000),
(1079, 161, 163, 5, 'Sabtu', '2019-10-19', 0, 0, 0, 85000, 17000),
(1081, 223, 165, 5, 'Minggu', '2019-10-20', 0, 0, 0, 60000, 10000),
(1082, 222, 166, 5, 'Minggu', '2019-10-20', 0, 10000, 0, 50000, 10000),
(1083, 181, 167, 5, 'Minggu', '2019-10-20', 0, 0, 24000, 85000, 0),
(1084, 183, 168, 5, 'Minggu', '2019-10-20', 0, 0, 0, 75000, 0),
(1085, 149, 169, 5, 'Minggu', '2019-10-20', 0, 10000, 0, 85000, 105000),
(1086, 161, 163, 5, 'Minggu', '2019-10-20', 0, 0, 0, 85000, 0),
(1087, 182, 164, 5, 'Minggu', '2019-10-20', 0, 6000, 0, 85000, 60000),
(1089, 223, 165, 5, 'Senin', '2019-10-21', 0, 5000, 0, 60000, 40000),
(1090, 181, 167, 5, 'Senin', '2019-10-21', 0, 0, 0, 85000, 35000),
(1091, 182, 164, 5, 'Senin', '2019-10-21', 0, 0, 0, 85000, 0),
(1092, 222, 166, 5, 'Senin', '2019-10-21', 0, 0, 22000, 50000, 0),
(1093, 183, 168, 5, 'Senin', '2019-10-21', 0, 12000, 25000, 75000, 74500),
(1094, 149, 169, 5, 'Senin', '2019-10-21', 0, 5000, 25000, 85000, 170000),
(1095, 161, 163, 5, 'Senin', '2019-10-21', 0, 0, 0, 85000, 12000),
(1096, 223, 165, 5, 'Selasa', '2019-10-22', 0, 0, 0, 60000, 20000),
(1097, 222, 166, 5, 'Selasa', '2019-10-22', 0, 0, 0, 50000, 0),
(1098, 149, 169, 5, 'Selasa', '2019-10-22', 0, 0, 25000, 85000, 22000),
(1099, 182, 164, 5, 'Selasa', '2019-10-22', 150000, 6000, 0, 85000, 30000),
(1100, 181, 167, 5, 'Selasa', '2019-10-22', 0, 18000, 0, 85000, 167000),
(1101, 183, 168, 5, 'Selasa', '2019-10-22', 0, 0, 0, 75000, 6000),
(1102, 161, 163, 5, 'Selasa', '2019-10-22', 0, 0, 25000, 85000, 60000),
(1103, 222, 166, 5, 'Rabu', '2019-10-23', 0, 0, 0, 50000, 0),
(1105, 223, 165, 5, 'Rabu', '2019-10-23', 0, 10000, 0, 60000, 10000),
(1106, 182, 164, 5, 'Rabu', '2019-10-23', 0, 12000, 27000, 85000, 75000),
(1107, 149, 169, 5, 'Rabu', '2019-10-23', 0, 0, 0, 85000, 180000),
(1109, 161, 163, 5, 'Rabu', '2019-10-23', 0, 12000, 0, 85000, 15000),
(1111, 223, 165, 5, 'Kamis', '2019-10-24', 0, 0, 0, 60000, 21000),
(1112, 183, 168, 5, 'Rabu', '2019-10-23', 0, 0, 0, 75000, 66000),
(1113, 183, 168, 5, 'Kamis', '2019-10-24', 0, 0, 0, 75000, 0),
(1115, 222, 166, 5, 'Kamis', '2019-10-24', 0, 0, 0, 50000, 193500),
(1116, 149, 169, 5, 'Kamis', '2019-10-24', 0, 0, 0, 85000, 0),
(1117, 161, 163, 5, 'Kamis', '2019-10-24', 0, 0, 0, 85000, 125000),
(1118, 182, 164, 5, 'Kamis', '2019-10-24', 0, 0, 0, 85000, 170000),
(1119, 181, 167, 5, 'Rabu', '2019-10-23', 0, 0, 0, 85000, 10500),
(1120, 181, 167, 5, 'Kamis', '2019-10-24', 0, 0, 0, 85000, 0),
(1121, 223, 165, 5, 'Jumat', '2019-10-25', 0, 0, 0, 60000, 30000),
(1122, 182, 164, 5, 'Jumat', '2019-10-25', 0, 0, 0, 85000, 20000),
(1123, 183, 168, 5, 'Jumat', '2019-10-25', 0, 0, 0, 75000, 0),
(1124, 222, 166, 5, 'Jumat', '2019-10-25', 0, 0, 0, 50000, 35000),
(1125, 149, 169, 5, 'Jumat', '2019-10-25', 0, 10000, 25000, 85000, 88000),
(1126, 161, 163, 5, 'Jumat', '2019-10-25', 0, 0, 0, 85000, 436000),
(1127, 181, 167, 5, 'Jumat', '2019-10-25', 0, 13000, 0, 85000, 20000),
(1128, 222, 171, 5, 'Sabtu', '2019-10-26', 0, 0, 0, 50000, 10000),
(1129, 223, 172, 5, 'Sabtu', '2019-10-26', 0, 0, 0, 60000, 14000),
(1130, 183, 173, 5, 'Sabtu', '2019-10-26', 0, 0, 25000, 75000, 16000),
(1131, 182, 174, 5, 'Sabtu', '2019-10-26', 0, 6000, 0, 85000, 0),
(1132, 161, 175, 5, 'Sabtu', '2019-10-26', 0, 12000, 25000, 85000, 10000),
(1133, 149, 176, 5, 'Sabtu', '2019-10-26', 0, 0, 24000, 85000, 0),
(1134, 181, 170, 5, 'Sabtu', '2019-10-26', 0, 0, 0, 85000, 137000),
(1135, 223, 172, 5, 'Minggu', '2019-10-27', 0, 6000, 0, 60000, 112000),
(1136, 182, 174, 5, 'Minggu', '2019-10-27', 220000, 6000, 27000, 85000, 50000),
(1137, 181, 170, 5, 'Minggu', '2019-10-27', 60000, 0, 24000, 85000, 40000),
(1139, 222, 171, 5, 'Minggu', '2019-10-27', 0, 0, 0, 50000, 0),
(1140, 149, 176, 5, 'Minggu', '2019-10-27', 0, 10000, 0, 85000, 0),
(1141, 161, 175, 5, 'Minggu', '2019-10-27', 0, 0, 0, 85000, 100000),
(1143, 182, 174, 5, 'Senin', '2019-10-28', 0, 6000, 0, 85000, 5000),
(1144, 223, 172, 5, 'Senin', '2019-10-28', 0, 0, 21000, 60000, 99000),
(1145, 222, 171, 5, 'Senin', '2019-10-28', 0, 5000, 0, 50000, 0),
(1147, 181, 170, 5, 'Senin', '2019-10-28', 0, 19000, 0, 85000, 75000),
(1148, 149, 94, 5, 'Senin', '2019-10-28', 240000, 0, 0, 85000, 113000),
(1149, 149, 176, 5, 'Senin', '2019-10-28', 240000, 0, 0, 85000, 113000),
(1151, 161, 175, 5, 'Senin', '2019-10-28', 0, 0, 0, 85000, 191000),
(1152, 222, 171, 5, 'Selasa', '2019-10-29', 0, 0, 0, 50000, 0),
(1153, 182, 174, 5, 'Selasa', '2019-10-29', 0, 0, 0, 85000, 26000),
(1154, 223, 172, 5, 'Selasa', '2019-10-29', 0, 5000, 0, 60000, 117000),
(1155, 149, 176, 5, 'Selasa', '2019-10-29', 0, 10000, 0, 85000, 0),
(1156, 183, 173, 5, 'Selasa', '2019-10-29', 0, 12000, 25000, 75000, 36500),
(1158, 161, 175, 5, 'Selasa', '2019-10-29', 0, 12000, 0, 85000, 162000),
(1159, 181, 170, 5, 'Selasa', '2019-10-29', 0, 18000, 0, 85000, 98500),
(1160, 222, 171, 5, 'Rabu', '2019-10-30', 0, 0, 0, 50000, 42000),
(1161, 223, 172, 5, 'Rabu', '2019-10-30', 0, 0, 0, 60000, 9000),
(1162, 183, 173, 5, 'Rabu', '2019-10-30', 0, 0, 0, 75000, 0),
(1163, 182, 174, 5, 'Rabu', '2019-10-30', 0, 12000, 27000, 85000, 0),
(1164, 149, 176, 5, 'Rabu', '2019-10-30', 0, 0, 0, 85000, 0),
(1165, 161, 175, 5, 'Rabu', '2019-10-30', 0, 0, 0, 85000, 32000),
(1166, 181, 170, 5, 'Rabu', '2019-10-30', 0, 0, 24000, 85000, 20000),
(1167, 223, 172, 5, 'Kamis', '2019-10-31', 0, 0, 0, 60000, 50000),
(1168, 182, 174, 5, 'Kamis', '2019-10-31', 0, 0, 0, 85000, 0),
(1169, 183, 173, 5, 'Kamis', '2019-10-31', 0, 0, 0, 75000, 12000),
(1170, 222, 171, 5, 'Kamis', '2019-10-31', 0, 0, 0, 50000, 0),
(1171, 181, 170, 4, 'Kamis', '2019-10-31', 0, 0, 0, 85000, 15000),
(1172, 149, 176, 5, 'Kamis', '2019-10-31', 0, 0, 24000, 85000, 33000),
(1175, 223, 172, 5, 'Jumat', '2019-11-01', 0, 5000, 0, 60000, 20000),
(1176, 222, 171, 5, 'Jumat', '2019-11-01', 0, 0, 0, 50000, 0),
(1177, 182, 174, 5, 'Jumat', '2019-11-01', 0, 0, 0, 85000, 10000),
(1178, 149, 176, 5, 'Jumat', '2019-11-01', 0, 10000, 0, 85000, 0),
(1179, 183, 173, 5, 'Jumat', '2019-11-01', 0, 12000, 25000, 75000, 0),
(1180, 181, 35, 5, 'Jumat', '2019-11-01', 0, 0, 0, 85000, 15000),
(1181, 181, 170, 5, 'Jumat', '2019-11-01', 0, 0, 0, 85000, 15000),
(1182, 161, 175, 5, 'Jumat', '2019-11-01', 0, 10000, 0, 85000, 50000),
(1183, 161, 175, 5, 'Kamis', '2019-10-31', 0, 0, 0, 85000, 10000),
(1184, 183, 173, 5, 'Minggu', '2019-10-27', 0, 12000, 0, 75000, 4000),
(1185, 183, 173, 5, 'Senin', '2019-10-28', 200000, 0, 0, 75000, 45500),
(1186, 182, 181, 5, 'Sabtu', '2019-11-02', 0, 0, 54000, 85000, 5000),
(1187, 223, 180, 5, 'Sabtu', '2019-11-02', 0, 0, 0, 60000, 118000),
(1188, 222, 182, 5, 'Sabtu', '2019-11-02', 0, 0, 0, 50000, 0),
(1190, 161, 178, 5, 'Sabtu', '2019-11-02', 0, 0, 0, 85000, 40000),
(1191, 149, 184, 5, 'Sabtu', '2019-11-02', 0, 0, 0, 85000, 50000),
(1192, 181, 186, 5, 'Sabtu', '2019-11-02', 0, 0, 24000, 85000, 0),
(1194, 222, 182, 5, 'Minggu', '2019-11-03', 0, 0, 0, 50000, 0),
(1195, 182, 45, 5, 'Minggu', '2019-11-03', 0, 0, 0, 85000, 57000),
(1196, 182, 181, 5, 'Minggu', '2019-11-03', 0, 0, 0, 85000, 57000),
(1197, 223, 180, 5, 'Minggu', '2019-11-03', 0, 0, 5000, 60000, 31000),
(1198, 149, 94, 5, 'Minggu', '2019-11-03', 0, 0, 0, 85000, 0),
(1202, 149, 184, 5, 'Minggu', '2019-11-03', 0, 0, 0, 85000, 0),
(1203, 181, 185, 5, 'Minggu', '2019-11-03', 0, 12000, 0, 85000, 43500),
(1204, 181, 93, 5, 'Senin', '2019-11-03', 0, 12000, 0, 85000, 330500),
(1207, 161, 178, 5, 'Minggu', '2019-11-03', 0, 12000, 0, 85000, 105000),
(1208, 181, 186, 5, 'Minggu', '2019-11-03', 0, 12000, 0, 85000, 43500),
(1209, 149, 184, 5, 'Senin', '2019-11-04', 0, 5000, 0, 85000, 0),
(1210, 223, 180, 5, 'Senin', '2019-11-04', 200000, 0, 0, 60000, 55000),
(1211, 181, 186, 5, 'Senin', '2019-11-04', 0, 0, 0, 85000, 95000),
(1212, 182, 45, 5, 'Senin', '2019-11-04', 0, 12000, 0, 85000, 10000),
(1213, 222, 182, 5, 'Senin', '2019-11-04', 0, 0, 0, 50000, 100000),
(1214, 183, 183, 5, 'Senin', '2019-11-04', 200000, 12000, 0, 75000, 22000),
(1215, 161, 178, 5, 'Senin', '2019-11-04', 0, 0, 0, 85000, 42000),
(1216, 222, 182, 5, 'Selasa', '2019-11-05', 0, 0, 0, 50000, 13000),
(1217, 149, 184, 5, 'Selasa', '2019-11-05', 0, 10000, 24000, 85000, 0),
(1218, 223, 180, 5, 'Selasa', '2019-11-05', 0, 5000, 0, 60000, 0),
(1219, 182, 181, 5, 'Selasa', '2019-11-05', 0, 0, 0, 85000, 35000),
(1220, 182, 181, 5, 'Senin', '2019-11-04', 0, 12000, 0, 85000, 10000),
(1222, 181, 186, 5, 'Selasa', '2019-11-05', 0, 0, 0, 85000, 190000),
(1223, 161, 178, 5, 'Selasa', '2019-11-05', 0, 0, 0, 85000, 67000),
(1224, 223, 180, 5, 'Rabu', '2019-11-06', 0, 0, 22000, 60000, 0),
(1225, 222, 182, 5, 'Rabu', '2019-11-06', 0, 0, 0, 50000, 0),
(1226, 182, 181, 5, 'Rabu', '2019-11-06', 220000, 0, 0, 85000, 62000),
(1227, 149, 184, 5, 'Rabu', '2019-11-06', 0, 0, 0, 85000, 50000),
(1230, 181, 186, 5, 'Rabu', '2019-11-06', 0, 0, 24000, 85000, 162000),
(1231, 161, 178, 5, 'Rabu', '2019-11-06', 0, 0, 0, 85000, 78500),
(1232, 183, 183, 5, 'Rabu', '2019-11-06', 0, 0, 0, 75000, 15000),
(1233, 182, 181, 5, 'Kamis', '2019-11-07', 0, 12000, 0, 85000, 13000),
(1234, 223, 180, 5, 'Kamis', '2019-11-07', 0, 5000, 0, 60000, 22000),
(1235, 222, 182, 5, 'Kamis', '2019-11-07', 0, 5000, 0, 50000, 0),
(1237, 149, 184, 5, 'Kamis', '2019-11-07', 0, 5000, 0, 85000, 21000),
(1239, 183, 183, 5, 'Kamis', '2019-11-07', 0, 12000, 25000, 75000, 50000),
(1241, 181, 186, 5, 'Kamis', '2019-11-07', 0, 13000, 0, 85000, 0),
(1242, 161, 178, 5, 'Kamis', '2019-11-07', 0, 10000, 0, 85000, 208000),
(1243, 223, 180, 5, 'Jumat', '2019-11-08', 0, 5000, 0, 60000, 65000),
(1244, 182, 181, 5, 'Jumat', '2019-11-08', 0, 0, 0, 85000, 10000),
(1245, 149, 184, 5, 'Jumat', '2019-11-08', 250000, 0, 0, 85000, 20000),
(1248, 222, 182, 5, 'Jumat', '2019-11-08', 0, 0, 0, 50000, 50000),
(1249, 181, 186, 5, 'Jumat', '2019-11-08', 0, 0, 0, 85000, 50000),
(1250, 183, 92, 5, 'Sabtu', '2019-11-02', 0, 0, 0, 75000, 21000),
(1251, 183, 183, 5, 'Sabtu', '2019-11-02', 0, 0, 0, 75000, 21000),
(1252, 183, 183, 5, 'Minggu', '2019-11-03', 0, 0, 0, 75000, 45000),
(1253, 183, 183, 5, 'Selasa', '2019-11-05', 0, 0, 0, 75000, 43000),
(1254, 183, 183, 5, 'Jumat', '2019-11-08', 0, 0, 0, 75000, 0),
(1255, 161, 178, 5, 'Jumat', '2019-11-08', 0, 0, 50000, 85000, 64000),
(1256, 182, 191, 5, 'Sabtu', '2019-11-09', 0, 0, 25000, 85000, 70000),
(1257, 223, 187, 5, 'Sabtu', '2019-11-09', 0, 0, 0, 60000, 0),
(1258, 149, 190, 5, 'Sabtu', '2019-11-09', 0, 0, 0, 85000, 0),
(1259, 183, 189, 5, 'Sabtu', '2019-11-09', 0, 0, 0, 75000, 51000),
(1260, 181, 192, 5, 'Sabtu', '2019-11-09', 0, 0, 0, 85000, 70000),
(1261, 161, 193, 5, 'Sabtu', '2019-11-09', 0, 12000, 0, 85000, 10000),
(1262, 223, 187, 5, 'Minggu', '2019-11-10', 0, 5000, 0, 60000, 5000),
(1263, 182, 191, 5, 'Minggu', '2019-11-10', 0, 0, 0, 85000, 0),
(1265, 149, 190, 5, 'Minggu', '2019-11-10', 0, 5000, 24000, 85000, 93000),
(1266, 181, 192, 5, 'Minggu', '2019-11-10', 0, 12000, 0, 85000, 17000),
(1267, 161, 193, 5, 'Minggu', '2019-11-10', 250000, 0, 0, 85000, 15000),
(1269, 183, 189, 5, 'Minggu', '2019-11-10', 0, 12000, 0, 75000, 156000),
(1270, 182, 191, 5, 'Senin', '2019-11-11', 0, 0, 0, 85000, 0),
(1271, 223, 187, 5, 'Senin', '2019-11-11', 0, 0, 0, 60000, 13000),
(1272, 149, 190, 5, 'Senin', '2019-11-11', 0, 5000, 0, 85000, 52000),
(1273, 183, 92, 5, 'Sabtu', '2019-11-11', 0, 0, 25000, 75000, 119000),
(1276, 181, 192, 5, 'Senin', '2019-11-11', 0, 0, 24000, 85000, 8000),
(1277, 161, 193, 5, 'Senin', '2019-11-11', 0, 0, 0, 85000, 0),
(1278, 182, 191, 5, 'Selasa', '2019-11-12', 0, 0, 0, 85000, 239000),
(1279, 149, 190, 5, 'Selasa', '2019-11-12', 0, 0, 0, 85000, 160000),
(1280, 223, 187, 5, 'Selasa', '2019-11-12', 0, 0, 0, 60000, 10000),
(1282, 181, 192, 5, 'Selasa', '2019-11-12', 0, 0, 0, 85000, 103000),
(1283, 161, 193, 5, 'Selasa', '2019-11-12', 0, 0, 0, 85000, 54000),
(1285, 223, 187, 5, 'Rabu', '2019-11-13', 0, 5000, 22000, 60000, 0),
(1286, 182, 191, 5, 'Rabu', '2019-11-13', 0, 0, 0, 85000, 20000),
(1287, 149, 190, 5, 'Rabu', '2019-11-13', 0, 10000, 0, 85000, 50000),
(1288, 181, 192, 5, 'Rabu', '2019-11-13', 0, 12000, 0, 85000, 115000),
(1290, 161, 193, 5, 'Rabu', '2019-11-13', 0, 10000, 0, 85000, 29500),
(1293, 183, 189, 5, 'Rabu', '2019-11-13', 200000, 0, 0, 75000, 50000),
(1294, 223, 187, 5, 'Kamis', '2019-11-14', 0, 0, 0, 60000, 10000),
(1295, 149, 190, 5, 'Kamis', '2019-11-14', 0, 0, 0, 85000, 0),
(1297, 182, 191, 5, 'Kamis', '2019-11-14', 0, 0, 25000, 85000, 5000),
(1298, 183, 189, 5, 'Kamis', '2019-11-14', 0, 0, 0, 75000, 0),
(1299, 161, 193, 5, 'Kamis', '2019-11-14', 0, 0, 0, 85000, 160000),
(1302, 181, 192, 5, 'Kamis', '2019-11-14', 0, 0, 0, 85000, 83500),
(1306, 223, 187, 5, 'Jumat', '2019-11-15', 0, 5000, 0, 60000, 48000),
(1307, 149, 190, 5, 'Jumat', '2019-11-15', 0, 0, 48000, 85000, 235000),
(1308, 182, 191, 5, 'Jumat', '2019-11-15', 0, 6000, 0, 85000, 67000),
(1312, 161, 193, 5, 'Jumat', '2019-11-15', 0, 0, 0, 85000, 81000),
(1313, 183, 189, 5, 'Senin', '2019-11-11', 0, 0, 25000, 75000, 19000),
(1314, 183, 92, 5, 'Selasa', '2019-11-12', 0, 12000, 25000, 75000, 100000),
(1315, 183, 189, 5, 'Selasa', '2019-11-12', 0, 12000, 25000, 75000, 100000),
(1316, 183, 189, 5, 'Jumat', '2019-11-15', 0, 0, 0, 75000, 75000),
(1318, 181, 192, 5, 'Jumat', '2019-11-15', 0, 0, 22000, 85000, 100000),
(1319, 182, 195, 5, 'Sabtu', '2019-11-16', 0, 12000, 0, 85000, 0),
(1320, 223, 196, 5, 'Sabtu', '2019-11-16', 0, 0, 0, 60000, 55000),
(1321, 183, 92, 5, 'Sabtu', '2019-11-16', 0, 12000, 0, 75000, 253000),
(1322, 181, 198, 5, 'Sabtu', '2019-11-16', 0, 18000, 0, 85000, 0),
(1323, 183, 197, 5, 'Sabtu', '2019-11-16', 0, 12000, 0, 75000, 253000),
(1324, 149, 194, 5, 'Sabtu', '2019-11-16', 0, 0, 0, 85000, 67000),
(1325, 161, 199, 5, 'Sabtu', '2019-11-16', 0, 10000, 0, 85000, 15000),
(1326, 223, 196, 5, 'Sabtu', '2019-11-17', 0, 0, 22000, 60000, 12000),
(1327, 183, 197, 5, 'Minggu', '2019-11-17', 0, 0, 0, 75000, 157000),
(1328, 182, 195, 5, 'Minggu', '2019-11-17', 0, 0, 0, 85000, 5000),
(1329, 181, 198, 5, 'Minggu', '2019-11-17', 0, 0, 0, 85000, 20000),
(1330, 149, 194, 5, 'Minggu', '2019-11-17', 0, 5000, 25000, 85000, 270000),
(1332, 161, 199, 5, 'Minggu', '2019-11-17', 0, 0, 0, 85000, 10000),
(1333, 223, 196, 5, 'Senin', '2019-11-18', 0, 5000, 0, 60000, 52000),
(1334, 181, 198, 5, 'Senin', '2019-11-18', 0, 0, 0, 85000, 16500),
(1335, 182, 195, 5, 'Senin', '2019-11-18', 0, 0, 0, 85000, 0),
(1336, 149, 194, 5, 'Senin', '2019-11-18', 0, 5000, 0, 85000, 170000),
(1338, 183, 197, 5, 'Senin', '2019-11-18', 0, 12000, 25000, 75000, 190000),
(1341, 161, 199, 5, 'Senin', '2019-11-18', 0, 10000, 0, 85000, 138000),
(1342, 223, 196, 5, 'Selasa', '2019-11-19', 0, 0, 0, 60000, 0),
(1343, 182, 195, 5, 'Selasa', '2019-11-19', 200000, 6000, 0, 85000, 295000),
(1344, 149, 194, 5, 'Selasa', '2019-11-19', 250000, 5000, 25000, 85000, 75000),
(1345, 181, 198, 5, 'Selasa', '2019-11-19', 260000, 12000, 0, 85000, 40000),
(1346, 161, 90, 5, 'Selasa', '2019-11-19', 0, 0, 0, 85000, 435000),
(1347, 161, 199, 5, 'Selasa', '2019-11-19', 0, 0, 0, 85000, 435000),
(1348, 183, 197, 5, 'Selasa', '2019-11-19', 200000, 0, 0, 75000, 52500),
(1349, 223, 196, 5, 'Rabu', '2019-11-20', 195500, 0, 0, 60000, 4500),
(1350, 149, 194, 5, 'Rabu', '2019-11-20', 0, 0, 0, 85000, 0),
(1351, 183, 197, 5, 'Rabu', '2019-11-20', 88000, 0, 0, 75000, 0),
(1352, 181, 198, 5, 'Rabu', '2019-11-20', 0, 0, 0, 85000, 35000),
(1354, 182, 195, 5, 'Rabu', '2019-11-20', 0, 6000, 0, 85000, 40000),
(1355, 161, 199, 5, 'Rabu', '2019-11-20', 0, 0, 25000, 85000, 109500),
(1356, 223, 196, 5, 'Kamis', '2019-11-21', 0, 0, 0, 60000, 10000),
(1358, 182, 195, 5, 'Kamis', '2019-11-21', 0, 12000, 0, 85000, 0),
(1359, 181, 198, 5, 'Kamis', '2019-11-21', 0, 20000, 22000, 85000, 263000),
(1360, 149, 194, 5, 'Kamis', '2019-11-21', 0, 0, 0, 85000, 55000),
(1362, 161, 199, 5, 'Kamis', '2019-11-21', 0, 16000, 0, 85000, 45000),
(1363, 182, 195, 5, 'Jumat', '2019-11-22', 0, 0, 0, 85000, 85000),
(1364, 223, 196, 5, 'Jumat', '2019-11-22', 0, 5000, 0, 60000, 10000),
(1365, 181, 198, 5, 'Jumat', '2019-11-22', 0, 0, 0, 85000, 0),
(1366, 183, 197, 5, 'Kamis', '2019-11-21', 0, 14000, 0, 75000, 0),
(1367, 183, 197, 5, 'Jumat', '2019-11-22', 0, 0, 0, 75000, 0),
(1368, 149, 194, 5, 'Jumat', '2019-11-22', 0, 0, 0, 85000, 50000),
(1369, 161, 199, 5, 'Jumat', '2019-11-22', 250000, 0, 0, 85000, 20000),
(1370, 223, 200, 6, 'Sabtu', '2019-11-23', 0, 5000, 22000, 60000, 0),
(1371, 182, 203, 6, 'Sabtu', '2019-11-23', 254500, 0, 0, 85000, 55000),
(1372, 181, 201, 6, 'Sabtu', '2019-11-23', 0, 0, 0, 85000, 0),
(1373, 149, 204, 6, 'Sabtu', '2019-11-23', 0, 0, 0, 85000, 0),
(1374, 183, 205, 6, 'Sabtu', '2019-11-23', 200000, 12000, 25000, 75000, 16500),
(1375, 161, 202, 6, 'Sabtu', '2019-11-23', 0, 0, 0, 85000, 120500),
(1376, 182, 203, 6, 'Minggu', '2019-11-24', 0, 6000, 25000, 85000, 0),
(1377, 223, 200, 6, 'Minggu', '2019-11-24', 0, 0, 0, 60000, 0),
(1379, 149, 204, 6, 'Minggu', '2019-11-24', 0, 10000, 0, 85000, 80000),
(1380, 181, 201, 6, 'Minggu', '2019-11-24', 0, 0, 28000, 85000, 129000),
(1381, 161, 202, 6, 'Minggu', '2019-11-24', 0, 0, 0, 85000, 130000),
(1382, 183, 205, 6, 'Minggu', '2019-11-24', 0, 0, 0, 75000, 65000),
(1385, 223, 200, 6, 'Senin', '2019-11-25', 0, 5000, 0, 60000, 0),
(1386, 182, 203, 6, 'Senin', '2019-11-25', 0, 12000, 0, 85000, 80000),
(1387, 181, 201, 6, 'Senin', '2019-11-25', 0, 19000, 0, 85000, 0),
(1388, 149, 204, 6, 'Senin', '2019-11-25', 0, 0, 25000, 85000, 181000),
(1389, 183, 205, 6, 'Senin', '2019-11-25', 0, 0, 25000, 75000, 6000),
(1390, 161, 202, 6, 'Senin', '2019-11-25', 0, 0, 25000, 85000, 20000),
(1391, 223, 200, 6, 'Selasa', '2019-11-26', 0, 0, 0, 60000, 80000),
(1392, 149, 204, 6, 'Selasa', '2019-11-26', 0, 0, 0, 85000, 98000),
(1393, 182, 203, 6, 'Selasa', '2019-11-26', 0, 0, 0, 85000, 45000),
(1394, 181, 201, 6, 'Selasa', '2019-11-26', 260000, 0, 0, 85000, 25000),
(1395, 161, 202, 6, 'Selasa', '2019-11-26', 0, 0, 0, 85000, 151000),
(1400, 182, 203, 5, 'Rabu', '2019-11-27', 0, 12000, 26000, 85000, 0),
(1401, 223, 200, 6, 'Rabu', '2019-11-27', 0, 5000, 0, 60000, 0),
(1402, 149, 204, 6, 'Rabu', '2019-11-27', 0, 5000, 0, 85000, 25000),
(1403, 183, 205, 6, 'Rabu', '2019-11-27', 0, 0, 0, 75000, 165000),
(1404, 181, 201, 6, 'Rabu', '2019-11-27', 0, 19000, 0, 85000, 0),
(1405, 183, 205, 6, 'Selasa', '2019-11-26', 0, 14000, 0, 75000, 156500),
(1407, 161, 202, 6, 'Rabu', '2019-11-27', 0, 0, 0, 85000, 235000),
(1408, 223, 200, 6, 'Kamis', '2019-11-28', 0, 0, 0, 60000, 10000),
(1410, 183, 205, 6, 'Kamis', '2019-11-28', 0, 0, 0, 75000, 0),
(1411, 181, 201, 6, 'Kamis', '2019-11-28', 0, 10000, 0, 85000, 0),
(1412, 149, 204, 6, 'Kamis', '2019-11-28', 0, 5000, 0, 85000, 118000),
(1413, 161, 202, 6, 'Kamis', '2019-11-28', 0, 0, 0, 85000, 170000),
(1414, 183, 205, 6, 'Jumat', '2019-11-29', 0, 0, 0, 75000, 0),
(1415, 182, 203, 6, 'Jumat', '2019-11-29', 0, 0, 0, 85000, 61000),
(1416, 223, 200, 6, 'Jumat', '2019-11-29', 0, 5000, 0, 60000, 52000),
(1417, 182, 203, 6, 'Kamis', '2019-11-28', 0, 0, 0, 85000, 0),
(1418, 181, 201, 6, 'Jumat', '2019-11-29', 0, 0, 25000, 85000, 0),
(1419, 149, 204, 6, 'Jumat', '2019-11-29', 250000, 0, 0, 85000, 100000),
(1420, 161, 202, 6, 'Jumat', '2019-11-29', 0, 0, 0, 85000, 0),
(1421, 183, 207, 6, 'Sabtu', '2019-11-30', 200000, 0, 25000, 75000, 15000),
(1422, 223, 206, 6, 'Sabtu', '2019-11-30', 0, 0, 0, 60000, 0),
(1424, 149, 209, 6, 'Sabtu', '2019-11-30', 0, 0, 25000, 85000, 0),
(1425, 181, 211, 6, 'Sabtu', '2019-11-30', 0, 0, 0, 85000, 32000),
(1427, 161, 212, 6, 'Sabtu', '2019-11-30', 0, 10000, 0, 85000, 44000),
(1431, 182, 208, 6, 'Minggu', '2019-12-01', 0, 12000, 0, 85000, 150000),
(1432, 182, 208, 6, 'Sabtu', '2019-11-30', 26000, 6000, 0, 85000, 59000),
(1433, 223, 206, 6, 'Minggu', '2019-12-01', 0, 5000, 0, 60000, 9000),
(1434, 181, 211, 6, 'Minggu', '2019-12-01', 0, 18000, 0, 85000, 110000),
(1435, 149, 209, 6, 'Minggu', '2019-12-01', 0, 0, 0, 85000, 195000),
(1437, 161, 212, 6, 'Minggu', '2019-12-01', 0, 0, 0, 85000, 9000),
(1438, 223, 206, 6, 'Senin', '2019-12-02', 0, 0, 22000, 60000, 66000),
(1440, 181, 211, 6, 'Senin', '2019-12-02', 0, 0, 0, 85000, 45000),
(1441, 182, 208, 6, 'Senin', '2019-12-02', 0, 0, 26000, 85000, 7000),
(1442, 149, 209, 6, 'Senin', '2019-12-02', 0, 0, 0, 85000, 100000),
(1443, 161, 212, 6, 'Senin', '2019-12-02', 0, 0, 0, 85000, 0),
(1445, 149, 209, 6, 'Selasa', '2019-12-03', 0, 10000, 0, 85000, 135000),
(1446, 223, 206, 6, 'Selasa', '2019-12-03', 0, 0, 0, 60000, 0),
(1447, 183, 207, 6, 'Selasa', '2019-12-03', 0, 7000, 0, 75000, 5000),
(1448, 182, 208, 6, 'Selasa', '2019-12-03', 250000, 6000, 0, 85000, 45000),
(1449, 181, 211, 6, 'Selasa', '2019-12-03', 0, 0, 26000, 85000, 118000),
(1451, 161, 212, 6, 'Selasa', '2019-12-03', 0, 0, 25000, 85000, 144000),
(1452, 183, 92, 6, 'Minggu', '2019-12-01', 0, 14000, 0, 75000, 82000),
(1453, 183, 207, 6, 'Minggu', '2019-12-01', 0, 14000, 0, 75000, 82000),
(1454, 183, 207, 6, 'Senin', '2019-12-02', 0, 0, 0, 75000, 116500),
(1455, 182, 208, 6, 'Rabu', '2019-12-04', 0, 12000, 26000, 85000, 27000),
(1456, 161, 212, 6, 'Rabu', '2019-12-04', 0, 0, 0, 85000, 10000),
(1457, 223, 206, 6, 'Rabu', '2019-12-04', 195500, 0, 0, 60000, 140000),
(1458, 149, 209, 6, 'Rabu', '2019-12-04', 0, 0, 0, 85000, 185000),
(1459, 181, 211, 6, 'Rabu', '2019-12-04', 0, 0, 0, 85000, 0),
(1460, 183, 207, 6, 'Rabu', '2019-12-04', 0, 0, 25000, 75000, 50000),
(1461, 183, 207, 6, 'Kamis', '2019-12-05', 0, 14000, 0, 75000, 8000),
(1463, 182, 208, 6, 'Kamis', '2019-12-05', 0, 0, 0, 85000, 100000),
(1464, 161, 212, 6, 'Kamis', '2019-12-05', 250000, 0, 0, 85000, 136000),
(1466, 149, 209, 6, 'Kamis', '2019-12-05', 0, 0, 25000, 85000, 411500),
(1469, 181, 211, 6, 'Kamis', '2019-12-05', 0, 0, 0, 85000, 173000),
(1471, 223, 206, 6, 'Kamis', '2019-12-05', 0, 0, 0, 60000, 40000),
(1472, 183, 207, 6, 'Jumat', '2019-12-06', 0, 0, 0, 75000, 0),
(1473, 182, 208, 6, 'Jumat', '2019-12-06', 0, 0, 0, 85000, 55000),
(1475, 181, 211, 6, 'Jumat', '2019-12-06', 0, 19000, 0, 85000, 94000),
(1476, 223, 206, 6, 'Jumat', '2019-12-06', 0, 5000, 0, 60000, 0),
(1477, 149, 209, 6, 'Jumat', '2019-12-06', 0, 0, 0, 85000, 23000),
(1478, 161, 212, 6, 'Jumat', '2019-12-06', 0, 0, 0, 85000, 111000),
(1479, 182, 215, 6, 'Sabtu', '2019-12-07', 0, 6000, 26000, 85000, 0),
(1480, 181, 216, 6, 'Sabtu', '2019-12-07', 270000, 0, 0, 85000, 12000),
(1481, 223, 214, 6, 'Sabtu', '2019-12-07', 0, 0, 0, 60000, 65000),
(1483, 161, 217, 6, 'Sabtu', '2019-12-07', 0, 10000, 0, 85000, 13000),
(1484, 149, 218, 6, 'Sabtu', '2019-12-07', 0, 0, 0, 85000, 45000),
(1485, 183, 213, 6, 'Sabtu', '2019-12-07', 200000, 14000, 25000, 75000, 20000),
(1487, 182, 215, 6, 'Minggu', '2019-12-08', 0, 12000, 0, 85000, 7000),
(1488, 181, 216, 6, 'Minggu', '2019-12-08', 0, 10000, 25000, 85000, 40000),
(1489, 223, 214, 6, 'Minggu', '2019-12-08', 0, 5000, 0, 60000, 0),
(1490, 149, 218, 6, 'Minggu', '2019-12-08', 0, 10000, 25000, 85000, 165000),
(1491, 161, 217, 6, 'Minggu', '2019-12-08', 0, 0, 0, 85000, 53000),
(1492, 183, 213, 6, 'Minggu', '2019-12-08', 0, 0, 0, 75000, 0),
(1494, 182, 215, 6, 'Senin', '2019-12-09', 0, 0, 0, 85000, 175000),
(1495, 149, 218, 6, 'Senin', '2019-12-09', 0, 5000, 25000, 85000, 10000),
(1496, 223, 214, 6, 'Senin', '2019-12-09', 0, 0, 0, 60000, 145000),
(1498, 161, 217, 6, 'Senin', '2019-12-09', 250000, 0, 0, 85000, 153000),
(1499, 181, 216, 6, 'Senin', '2019-12-09', 0, 0, 22000, 85000, 68000),
(1501, 223, 214, 6, 'Selasa', '2019-12-10', 0, 0, 0, 60000, 20000),
(1502, 182, 215, 6, 'Selasa', '2019-12-10', 0, 12000, 25000, 85000, 27000),
(1503, 149, 218, 6, 'Selasa', '2019-12-10', 250000, 5000, 0, 85000, 75000),
(1504, 161, 217, 6, 'Selasa', '2019-12-10', 0, 12000, 0, 85000, 13000),
(1506, 181, 216, 6, 'Selasa', '2019-12-10', 0, 0, 0, 85000, 15000),
(1507, 182, 215, 6, 'Rabu', '2019-12-11', 0, 0, 0, 85000, 27000),
(1508, 223, 214, 6, 'Rabu', '2019-12-11', 0, 5000, 22000, 60000, 0),
(1509, 149, 218, 6, 'Rabu', '2019-12-11', 0, 0, 0, 85000, 55000),
(1510, 181, 216, 6, 'Rabu', '2019-12-11', 0, 0, 0, 85000, 25000),
(1511, 183, 213, 6, 'Rabu', '2019-12-11', 0, 0, 0, 75000, 65000),
(1512, 161, 217, 6, 'Rabu', '2019-12-11', 0, 0, 20000, 85000, 43000),
(1513, 223, 214, 6, 'Kamis', '2019-12-12', 0, 0, 0, 60000, 102000),
(1514, 182, 215, 6, 'Kamis', '2019-12-12', 36000, 6000, 26000, 85000, 150000),
(1515, 149, 218, 6, 'Kamis', '2019-12-12', 0, 0, 0, 85000, 0),
(1518, 183, 213, 6, 'Kamis', '2019-12-12', 0, 0, 0, 75000, 23000),
(1519, 161, 217, 6, 'Kamis', '2019-12-12', 0, 0, 0, 85000, 146000),
(1520, 183, 213, 6, 'Senin', '2019-12-09', 0, 0, 0, 75000, 12500),
(1521, 183, 213, 6, 'Selasa', '2019-12-10', 0, 12000, 25000, 75000, 60000),
(1522, 223, 214, 6, 'Jumat', '2019-12-13', 0, 0, 0, 60000, 24000),
(1523, 149, 218, 6, 'Jumat', '2019-12-13', 0, 0, 25000, 85000, 112000),
(1524, 182, 215, 6, 'Jumat', '2019-12-13', 0, 0, 0, 85000, 15000),
(1526, 183, 213, 6, 'Jumat', '2019-12-13', 0, 0, 0, 75000, 18000),
(1528, 161, 217, 6, 'Jumat', '2019-12-13', 0, 0, 0, 85000, 15000),
(1530, 181, 216, 6, 'Kamis', '2019-12-12', 0, 12000, 0, 85000, 15000),
(1531, 181, 216, 6, 'Jumat', '2019-12-13', 0, 0, 0, 85000, 79000),
(1532, 182, 223, 6, 'Sabtu', '2019-12-14', 0, 12000, 0, 85000, 17000),
(1533, 223, 220, 6, 'Sabtu', '2019-12-14', 0, 5000, 0, 60000, 0),
(1534, 181, 226, 6, 'Sabtu', '2019-12-14', 0, 0, 0, 85000, 77000),
(1536, 183, 221, 6, 'Sabtu', '2019-12-14', 0, 14000, 25000, 75000, 30000),
(1537, 161, 222, 6, 'Sabtu', '2019-12-14', 0, 10000, 0, 85000, 33000),
(1539, 149, 224, 6, 'Sabtu', '2019-12-14', 0, 0, 25000, 85000, 143000),
(1540, 182, 223, 6, 'Minggu', '2019-12-15', 330000, 0, 0, 85000, 37000),
(1541, 223, 220, 6, 'Minggu', '2019-12-15', 0, 0, 0, 60000, 0),
(1542, 181, 226, 6, 'Minggu', '2019-12-15', 0, 0, 0, 85000, 0),
(1543, 149, 224, 6, 'Minggu', '2019-12-15', 0, 10000, 0, 85000, 80000),
(1544, 161, 222, 6, 'Minggu', '2019-12-15', 240000, 0, 0, 85000, 190000),
(1547, 182, 223, 6, 'Senin', '2019-12-16', 0, 12000, 25000, 85000, 95500),
(1548, 149, 224, 6, 'Senin', '2019-12-16', 0, 0, 0, 85000, 85000),
(1549, 223, 220, 6, 'Senin', '2019-12-16', 0, 0, 0, 60000, 17000),
(1550, 181, 226, 6, 'Senin', '2019-12-16', 0, 12000, 25000, 85000, 55000),
(1551, 161, 222, 6, 'Senin', '2019-12-16', 0, 0, 0, 85000, 12000),
(1553, 183, 221, 6, 'Senin', '2019-12-16', 0, 14000, 0, 75000, 58000),
(1554, 223, 220, 6, 'Selasa', '2019-12-17', 0, 5000, 0, 60000, 45000),
(1555, 182, 223, 6, 'Selasa', '2019-12-17', 0, 0, 0, 85000, 0),
(1556, 181, 226, 6, 'Selasa', '2019-12-17', 0, 0, 0, 85000, 67500),
(1557, 149, 224, 6, 'Selasa', '2019-12-17', 0, 5000, 0, 85000, 205000),
(1560, 161, 222, 6, 'Selasa', '2019-12-17', 0, 0, 0, 85000, 140000),
(1562, 182, 223, 6, 'Rabu', '2019-12-18', 0, 0, 0, 85000, 49000),
(1563, 149, 224, 6, 'Rabu', '2019-12-18', 0, 5000, 0, 85000, 0),
(1564, 181, 226, 6, 'Rabu', '2019-12-18', 270000, 0, 0, 85000, 0),
(1565, 183, 221, 6, 'Rabu', '2019-12-18', 0, 7000, 0, 75000, 63000),
(1566, 161, 222, 6, 'Rabu', '2019-12-18', 0, 0, 0, 85000, 82000),
(1567, 223, 220, 6, 'Rabu', '2019-12-18', 0, 5000, 0, 60000, 50000),
(1568, 183, 221, 6, 'Minggu', '2019-12-15', 200000, 0, 0, 75000, 76500),
(1569, 183, 221, 6, 'Selasa', '2019-12-17', 0, 0, 25000, 75000, 60000),
(1570, 182, 215, 6, 'Kamis', '2019-12-19', 0, 12000, 0, 85000, 30000),
(1572, 182, 223, 6, 'Kamis', '2019-12-19', 0, 12000, 0, 85000, 110000),
(1573, 183, 221, 6, 'Kamis', '2019-12-19', 0, 0, 0, 75000, 0),
(1574, 223, 220, 6, 'Kamis', '2019-12-19', 0, 0, 22000, 60000, 10000),
(1575, 149, 224, 6, 'Kamis', '2019-12-19', 245000, 0, 25000, 85000, 15000),
(1576, 181, 226, 6, 'Kamis', '2019-12-19', 0, 0, 0, 85000, 42000),
(1577, 161, 222, 6, 'Kamis', '2019-12-19', 0, 0, 0, 85000, 75000),
(1578, 223, 220, 6, 'Jumat', '2019-12-20', 100000, 0, 0, 60000, 0),
(1580, 182, 223, 6, 'Jumat', '2019-12-20', 0, 0, 0, 85000, 215000),
(1581, 181, 226, 6, 'Jumat', '2019-12-20', 0, 18000, 0, 85000, 61500),
(1582, 183, 221, 6, 'Jumat', '2019-12-20', 0, 5000, 0, 75000, 0),
(1583, 149, 224, 6, 'Jumat', '2019-12-20', 0, 0, 25000, 85000, 16000),
(1584, 161, 222, 6, 'Jumat', '2019-12-20', 0, 12000, 0, 85000, 90000),
(1586, 182, 227, 7, 'Sabtu', '2019-12-21', 0, 0, 0, 85000, 45000),
(1591, 223, 228, 7, 'Sabtu', '2019-12-21', 100000, 0, 0, 60000, 35000),
(1592, 149, 229, 7, 'Sabtu', '2019-12-21', 0, 0, 0, 85000, 68000),
(1593, 181, 231, 7, 'Sabtu', '2019-12-21', 0, 0, 25000, 85000, 71000),
(1594, 161, 232, 6, 'Sabtu', '2019-12-21', 0, 0, 25000, 85000, 55000),
(1596, 182, 227, 7, 'Minggu', '2019-12-22', 0, 0, 0, 85000, 40000),
(1597, 223, 228, 7, 'Minggu', '2019-12-22', 0, 0, 0, 60000, 85000),
(1598, 149, 229, 7, 'Minggu', '2019-12-22', 0, 10000, 0, 85000, 100000),
(1600, 181, 231, 7, 'Minggu', '2019-12-22', 0, 0, 0, 85000, 100000),
(1601, 161, 232, 6, 'Minggu', '2019-12-22', 0, 0, 0, 85000, 107000),
(1606, 182, 227, 7, 'Senin', '2019-12-23', 0, 12000, 0, 85000, 15000),
(1608, 223, 228, 7, 'Senin', '2019-12-23', 0, 0, 0, 60000, 12000),
(1609, 149, 229, 7, 'Senin', '2019-12-23', 0, 0, 0, 85000, 166000),
(1612, 181, 231, 7, 'Senin', '2019-12-23', 0, 0, 0, 85000, 126000),
(1613, 161, 232, 7, 'Senin', '2019-12-23', 0, 0, 0, 85000, 336000),
(1614, 223, 228, 7, 'Selasa', '2019-12-24', 0, 5000, 0, 60000, 12000),
(1615, 149, 229, 7, 'Selasa', '2019-12-24', 0, 10000, 25000, 85000, 0),
(1618, 181, 231, 7, 'Selasa', '2019-12-24', 0, 0, 25000, 85000, 10000),
(1619, 182, 227, 7, 'Selasa', '2019-12-24', 0, 6000, 25000, 85000, 147000),
(1620, 161, 232, 7, 'Selasa', '2019-12-24', 0, 12000, 0, 85000, 3000),
(1621, 223, 228, 7, 'Rabu', '2019-12-25', 0, 0, 0, 60000, 52000),
(1622, 181, 231, 7, 'Rabu', '2019-12-25', 0, 0, 0, 85000, 107000),
(1623, 182, 227, 7, 'Rabu', '2019-12-25', 250000, 6000, 0, 85000, 105000),
(1626, 149, 229, 7, 'Rabu', '2019-12-25', 0, 0, 0, 85000, 161000),
(1627, 161, 232, 7, 'Rabu', '2019-12-25', 0, 0, 0, 85000, 58000),
(1629, 183, 230, 6, 'Rabu', '2019-12-25', 8000, 7000, 25000, 75000, 56000),
(1631, 183, 230, 6, 'Senin', '2019-12-23', 206000, 0, 0, 75000, 79000),
(1633, 223, 228, 7, 'Kamis', '2019-12-26', 0, 0, 0, 60000, 10000),
(1634, 183, 230, 6, 'Kamis', '2019-12-26', 0, 14000, 0, 75000, 11000),
(1635, 181, 231, 7, 'Kamis', '2019-12-26', 0, 0, 0, 85000, 30000),
(1636, 149, 229, 7, 'Kamis', '2019-12-26', 0, 0, 0, 85000, 195000),
(1638, 182, 227, 7, 'Kamis', '2019-12-26', 0, 12000, 0, 85000, 26000),
(1639, 161, 232, 7, 'Kamis', '2019-12-26', 0, 0, 0, 85000, 0),
(1640, 223, 228, 7, 'Jumat', '2019-12-27', 0, 0, 0, 60000, 125000),
(1642, 182, 227, 7, 'Jumat', '2019-12-27', 0, 0, 0, 85000, 40000),
(1644, 181, 231, 7, 'Jumat', '2019-12-27', 0, 18000, 0, 85000, 12000),
(1645, 183, 230, 6, 'Sabtu', '2019-12-21', 0, 0, 25000, 75000, 15000),
(1647, 183, 230, 6, 'Selasa', '2019-12-24', 0, 0, 0, 75000, 0),
(1648, 183, 230, 6, 'Minggu', '2019-12-22', 0, 0, 25000, 75000, 0),
(1650, 149, 229, 7, 'Jumat', '2019-12-27', 0, 0, 0, 85000, 15000),
(1651, 183, 230, 6, 'Jumat', '2019-12-27', 0, 0, 0, 75000, 378500),
(1652, 161, 232, 7, 'Jumat', '2019-12-27', 0, 0, 0, 85000, 280000),
(1653, 182, 233, 7, 'Sabtu', '2019-12-28', 0, 12000, 0, 85000, 20000),
(1654, 181, 234, 7, 'Sabtu', '2019-12-28', 0, 0, 25000, 85000, 50000),
(1655, 223, 235, 7, 'Sabtu', '2019-12-28', 0, 5000, 0, 60000, 0),
(1657, 161, 237, 7, 'Sabtu', '2019-12-28', 0, 0, 0, 85000, 50000),
(1658, 149, 238, 7, 'Sabtu', '2019-12-28', 0, 0, 0, 85000, 140000),
(1659, 182, 233, 7, 'Minggu', '2019-12-29', 0, 0, 25000, 85000, 162000),
(1660, 223, 235, 7, 'Minggu', '2019-12-29', 0, 0, 22000, 60000, 0),
(1661, 183, 236, 7, 'Minggu', '2019-12-29', 8000, 7000, 0, 75000, 83500),
(1662, 149, 238, 7, 'Minggu', '2019-12-29', 250000, 0, 25000, 85000, 100000),
(1663, 181, 234, 7, 'Minggu', '2019-12-29', 270000, 0, 0, 85000, 30000),
(1664, 161, 237, 7, 'Minggu', '2019-12-29', 250000, 10000, 0, 85000, 50000),
(1665, 182, 233, 7, 'Senin', '2019-12-30', 0, 12000, 25000, 85000, 0),
(1666, 223, 235, 7, 'Senin', '2019-12-30', 0, 0, 0, 60000, 10000),
(1668, 149, 238, 7, 'Senin', '2019-12-30', 0, 0, 0, 85000, 80000),
(1669, 181, 234, 7, 'Senin', '2019-12-30', 0, 0, 0, 85000, 70000),
(1671, 161, 237, 7, 'Senin', '2019-12-30', 0, 0, 0, 85000, 200000),
(1673, 149, 238, 7, 'Selasa', '2019-12-31', 0, 0, 0, 85000, 137000),
(1674, 183, 236, 7, 'Selasa', '2019-12-31', 0, 0, 0, 75000, 30000),
(1676, 182, 233, 7, 'Selasa', '2019-12-31', 0, 0, 0, 85000, 35000),
(1678, 181, 234, 7, 'Selasa', '2019-12-31', 0, 0, 0, 85000, 0),
(1680, 161, 237, 7, 'Selasa', '2019-12-31', 0, 0, 0, 85000, 48000),
(1681, 223, 235, 6, 'Selasa', '2019-12-31', 0, 0, 22000, 60000, 51000),
(1682, 182, 233, 7, 'Rabu', '2020-01-01', 250000, 6000, 0, 85000, 24000),
(1683, 223, 235, 7, 'Rabu', '2020-01-01', 0, 0, 0, 60000, 10000),
(1684, 183, 236, 7, 'Sabtu', '2019-12-28', 200000, 0, 25000, 75000, 31000),
(1685, 223, 235, 7, 'Kamis', '2020-01-02', 200000, 0, 0, 60000, 103000),
(1686, 182, 233, 7, 'Kamis', '2020-01-02', 0, 0, 0, 85000, 25000),
(1687, 149, 238, 7, 'Rabu', '2020-01-01', 0, 0, 0, 0, 0),
(1689, 181, 234, 7, 'Kamis', '2020-01-02', 0, 19000, 26000, 85000, 0),
(1690, 149, 238, 7, 'Kamis', '2020-01-02', 0, 10000, 0, 85000, 30000),
(1692, 161, 237, 7, 'Kamis', '2020-01-02', 0, 10000, 0, 85000, 80000),
(1693, 183, 236, 7, 'Kamis', '2020-01-02', 0, 14000, 0, 150000, 36000),
(1695, 183, 236, 7, 'Senin', '2019-12-30', 0, 14000, 0, 75000, 78000),
(1697, 149, 238, 7, 'Jumat', '2020-01-03', 0, 0, 25000, 85000, 70000),
(1698, 223, 235, 7, 'Jumat', '2020-01-03', 0, 5000, 0, 60000, 3000),
(1699, 182, 233, 7, 'Jumat', '2020-01-03', 0, 12000, 0, 85000, 230000),
(1700, 181, 234, 7, 'Jumat', '2020-01-03', 0, 0, 0, 85000, 0),
(1701, 161, 237, 7, 'Jumat', '2020-01-03', 0, 0, 0, 85000, 20000),
(1702, 183, 236, 7, 'Jumat', '2020-01-03', 0, 0, 0, 75000, 50000),
(1703, 182, 241, 7, 'Sabtu', '2020-01-04', 0, 0, 0, 85000, 119000),
(1704, 223, 239, 7, 'Sabtu', '2020-01-04', 0, 0, 22000, 60000, 0),
(1705, 181, 240, 7, 'Sabtu', '2020-01-04', 0, 18000, 0, 85000, 17000),
(1706, 161, 242, 7, 'Sabtu', '2020-01-04', 0, 0, 0, 85000, 70000),
(1708, 149, 245, 7, 'Sabtu', '2020-01-04', 0, 0, 0, 85000, 50000),
(1709, 223, 239, 7, 'Minggu', '2020-01-05', 0, 0, 0, 60000, 52000),
(1710, 182, 241, 7, 'Minggu', '2020-01-05', 0, 0, 25000, 85000, 100000),
(1711, 181, 240, 7, 'Minggu', '2020-01-05', 0, 0, 0, 85000, 0),
(1712, 149, 245, 7, 'Minggu', '2020-01-05', 0, 0, 0, 85000, 0),
(1714, 161, 242, 7, 'Minggu', '2020-01-05', 0, 16000, 0, 85000, 270000),
(1715, 223, 239, 7, 'Senin', '2020-01-06', 0, 0, 0, 60000, 16000),
(1717, 182, 241, 7, 'Senin', '2020-01-06', 0, 12000, 0, 85000, 26000),
(1719, 149, 245, 7, 'Senin', '2020-01-06', 0, 10000, 0, 85000, 51000),
(1720, 183, 243, 7, 'Senin', '2020-01-06', 0, 7000, 0, 75000, 0),
(1721, 181, 240, 7, 'Senin', '2020-01-06', 0, 0, 0, 85000, 200000),
(1723, 161, 242, 7, 'Senin', '2020-01-06', 0, 0, 0, 85000, 135000),
(1724, 183, 92, 7, 'Sabtu', '2020-01-04', 36000, 0, 0, 75000, 35000),
(1725, 183, 243, 7, 'Sabtu', '2020-01-04', 36000, 0, 0, 75000, 35000),
(1726, 183, 243, 7, 'Minggu', '2020-01-05', 200000, 0, 0, 75000, 173000),
(1728, 223, 239, 7, 'Selasa', '2020-01-07', 0, 0, 0, 60000, 87000),
(1729, 183, 243, 7, 'Selasa', '2020-01-07', 0, 0, 25000, 75000, 4000),
(1730, 182, 241, 7, 'Selasa', '2020-01-07', 0, 0, 0, 85000, 8000),
(1731, 149, 245, 7, 'Selasa', '2020-01-07', 250000, 0, 25000, 85000, 215000),
(1734, 161, 242, 7, 'Selasa', '2020-01-07', 0, 0, 25000, 85000, 66000),
(1735, 181, 240, 7, 'Selasa', '2020-01-07', 0, 0, 25000, 85000, 30000),
(1737, 223, 239, 7, 'Rabu', '2020-01-08', 0, 5000, 0, 60000, 0),
(1738, 182, 241, 7, 'Rabu', '2020-01-08', 0, 0, 0, 85000, 10000),
(1739, 183, 243, 7, 'Rabu', '2020-01-08', 0, 14000, 0, 75000, 84000),
(1740, 149, 245, 7, 'Rabu', '2020-01-08', 0, 0, 0, 85000, 25000),
(1741, 181, 240, 7, 'Rabu', '2020-01-08', 0, 0, 0, 85000, 20000),
(1742, 161, 242, 7, 'Rabu', '2020-01-08', 0, 0, 0, 85000, 40000),
(1743, 223, 239, 7, 'Kamis', '2020-01-09', 0, 0, 22000, 60000, 10000),
(1744, 182, 241, 7, 'Kamis', '2020-01-09', 0, 12000, 25000, 85000, 0),
(1745, 149, 245, 7, 'Kamis', '2020-01-09', 0, 0, 25000, 85000, 20000),
(1746, 161, 242, 7, 'Kamis', '2020-01-09', 240000, 12000, 0, 85000, 92000),
(1747, 181, 240, 7, 'Kamis', '2020-01-09', 0, 0, 0, 85000, 50000),
(1748, 183, 243, 7, 'Kamis', '2020-01-09', 0, 0, 0, 75000, 35000),
(1749, 182, 241, 7, 'Jumat', '2020-01-10', 270000, 0, 0, 0, 80000),
(1750, 223, 239, 7, 'Jumat', '2020-01-10', 0, 0, 0, 60000, 0),
(1752, 181, 240, 7, 'Jumat', '2020-01-10', 0, 0, 25000, 85000, 0),
(1753, 149, 245, 7, 'Jumat', '2020-01-10', 0, 0, 0, 85000, 120000),
(1754, 161, 242, 7, 'Jumat', '2020-01-10', 0, 0, 0, 85000, 0),
(1755, 183, 243, 7, 'Jumat', '2020-01-10', 0, 0, 25000, 75000, 50000),
(1756, 182, 249, 7, 'Sabtu', '2020-01-11', 0, 12000, 0, 85000, 0),
(1757, 223, 246, 7, 'Sabtu', '2020-01-11', 0, 0, 0, 60000, 0),
(1758, 161, 251, 7, 'Sabtu', '2020-01-11', 0, 0, 0, 85000, 15000),
(1759, 149, 250, 7, 'Sabtu', '2020-01-11', 0, 0, 0, 85000, 50000),
(1761, 181, 247, 7, 'Sabtu', '2020-01-11', 270000, 0, 0, 85000, 0),
(1763, 182, 249, 7, 'Minggu', '2020-01-12', 0, 0, 25000, 85000, 0),
(1764, 223, 246, 7, 'Minggu', '2020-01-12', 0, 5000, 0, 60000, 0),
(1766, 149, 250, 7, 'Minggu', '2020-01-12', 0, 0, 0, 85000, 335000),
(1767, 161, 251, 7, 'Minggu', '2020-01-12', 0, 0, 0, 85000, 372000),
(1769, 181, 247, 7, 'Minggu', '2020-01-12', 0, 0, 0, 85000, 72000),
(1770, 182, 249, 7, 'Senin', '2020-01-13', 0, 0, 0, 85000, 11000),
(1771, 223, 246, 7, 'Senin', '2020-01-13', 0, 0, 0, 60000, 20000),
(1772, 149, 250, 7, 'Senin', '2020-01-13', 0, 0, 0, 85000, 0),
(1773, 161, 251, 7, 'Senin', '2020-01-13', 0, 0, 25000, 85000, 5000),
(1775, 181, 247, 7, 'Senin', '2020-01-13', 0, 18000, 0, 85000, 40000),
(1781, 182, 249, 7, 'Selasa', '2020-01-14', 0, 12000, 0, 85000, 0),
(1782, 223, 246, 7, 'Selasa', '2020-01-14', 0, 0, 20000, 60000, 61000),
(1783, 149, 250, 7, 'Selasa', '2020-01-14', 0, 10000, 25000, 85000, 173000),
(1784, 181, 247, 7, 'Selasa', '2020-01-14', 0, 0, 0, 85000, 118000),
(1785, 161, 251, 7, 'Selasa', '2020-01-14', 0, 0, 0, 85000, 225000),
(1788, 182, 249, 7, 'Rabu', '2020-01-15', 0, 0, 0, 85000, 85000),
(1789, 223, 246, 7, 'Rabu', '2020-01-15', 0, 0, 0, 60000, 52000),
(1790, 149, 250, 7, 'Rabu', '2020-01-15', 0, 0, 0, 85000, 135000),
(1792, 161, 251, 7, 'Rabu', '2020-01-15', 0, 12000, 0, 85000, 124000),
(1793, 181, 247, 7, 'Rabu', '2020-01-15', 0, 22000, 25000, 85000, 0),
(1795, 183, 248, 7, 'Sabtu', '2020-01-11', 0, 12000, 0, 75000, 20000),
(1796, 183, 248, 7, 'Minggu', '2020-01-12', 0, 0, 0, 75000, 108500),
(1797, 183, 248, 7, 'Senin', '2020-01-13', 200000, 0, 25000, 75000, 160000),
(1799, 183, 248, 7, 'Selasa', '2020-01-14', 0, 14000, 0, 75000, 160000),
(1801, 183, 248, 7, 'Rabu', '2020-01-15', 0, 0, 0, 75000, 56000),
(1802, 223, 246, 7, 'Kamis', '2020-01-16', 102000, 0, 0, 60000, 160000),
(1803, 182, 249, 7, 'Kamis', '2020-01-16', 0, 12000, 25000, 85000, 0),
(1804, 149, 250, 7, 'Kamis', '2020-01-16', 250000, 0, 0, 85000, 145000),
(1805, 161, 251, 7, 'Kamis', '2020-01-16', 0, 0, 0, 85000, 19000),
(1806, 181, 247, 7, 'Kamis', '2020-01-16', 0, 0, 0, 85000, 10000),
(1807, 183, 248, 7, 'Kamis', '2020-01-16', 0, 0, 0, 75000, 20000),
(1808, 223, 246, 7, 'Jumat', '2020-01-17', 0, 0, 0, 60000, 0),
(1809, 182, 223, 7, 'Jumat', '2020-01-17', 100000, 0, 0, 85000, 265000),
(1810, 182, 249, 7, 'Jumat', '2020-01-17', 100000, 0, 0, 85000, 390000),
(1811, 183, 248, 7, 'Jumat', '2020-01-17', 0, 12000, 25000, 75000, 10000),
(1812, 181, 247, 7, 'Jumat', '2020-01-17', 0, 0, 0, 85000, 12000),
(1813, 161, 251, 7, 'Jumat', '2020-01-17', 0, 0, 0, 85000, 279500),
(1814, 149, 250, 7, 'Jumat', '2020-01-17', 0, 10000, 25000, 85000, 255000),
(1815, 182, 254, 8, 'Sabtu', '2020-01-18', 136000, 0, 0, 85000, 0),
(1816, 223, 253, 8, 'Sabtu', '2020-01-18', 0, 0, 22000, 60000, 10000),
(1817, 181, 255, 8, 'Sabtu', '2020-01-18', 0, 0, 0, 85000, 105000),
(1818, 161, 252, 8, 'Sabtu', '2020-01-18', 0, 0, 0, 85000, 56000),
(1819, 149, 256, 8, 'Sabtu', '2020-01-18', 0, 0, 0, 85000, 134000),
(1822, 182, 254, 8, 'Minggu', '2020-01-19', 0, 12000, 25000, 85000, 50000),
(1823, 223, 253, 8, 'Minggu', '2020-01-19', 0, 5000, 0, 60000, 0),
(1824, 149, 256, 8, 'Minggu', '2020-01-19', 0, 10000, 25000, 85000, 100000),
(1825, 181, 255, 8, 'Minggu', '2020-01-19', 0, 20000, 0, 85000, 0),
(1826, 161, 90, 8, 'Minggu', '2020-01-19', 240000, 0, 0, 85000, 0),
(1827, 161, 252, 8, 'Minggu', '2020-01-19', 240000, 0, 0, 85000, 0),
(1830, 149, 256, 8, 'Senin', '2020-01-20', 0, 0, 0, 85000, 185000),
(1832, 223, 253, 8, 'Senin', '2020-01-20', 0, 0, 0, 60000, 26000),
(1833, 182, 254, 8, 'Senin', '2020-01-20', 0, 0, 0, 85000, 52500),
(1834, 181, 255, 8, 'Senin', '2020-01-20', 0, 0, 0, 85000, 60000),
(1835, 161, 252, 8, 'Senin', '2020-01-20', 0, 0, 0, 85000, 42000),
(1836, 182, 254, 8, 'Selasa', '2020-01-21', 0, 0, 0, 85000, 24000),
(1837, 149, 256, 8, 'Selasa', '2020-01-21', 0, 0, 0, 85000, 0),
(1838, 223, 253, 8, 'Selasa', '2020-01-21', 0, 0, 0, 60000, 3000),
(1839, 181, 255, 8, 'Selasa', '2020-01-21', 70000, 0, 25000, 85000, 35000),
(1840, 161, 252, 8, 'Selasa', '2020-01-21', 0, 0, 0, 85000, 0),
(1841, 183, 257, 8, 'Selasa', '2020-01-21', 0, 14000, 0, 75000, 13000),
(1843, 183, 257, 8, 'Minggu', '2020-01-19', 0, 0, 0, 75000, 185500),
(1844, 183, 257, 8, 'Sabtu', '2020-01-18', 0, 0, 0, 75000, 100000),
(1845, 183, 257, 8, 'Senin', '2020-01-20', 0, 0, 0, 75000, 50000),
(1846, 149, 256, 8, 'Rabu', '2020-01-22', 0, 0, 0, 85000, 40000),
(1847, 181, 255, 8, 'Rabu', '2020-01-22', 0, 0, 0, 85000, 35000),
(1848, 223, 253, 8, 'Rabu', '2020-01-22', 0, 0, 0, 60000, 0),
(1849, 183, 257, 8, 'Rabu', '2020-01-22', 200000, 0, 25000, 75000, 6000),
(1852, 161, 252, 8, 'Rabu', '2020-01-22', 0, 10000, 25000, 85000, 81000),
(1853, 183, 257, 8, 'Kamis', '2020-01-23', 0, 0, 0, 75000, 0),
(1854, 182, 254, 8, 'Kamis', '2020-01-23', 0, 12000, 0, 85000, 5000),
(1856, 182, 254, 8, 'Rabu', '2020-01-22', 0, 6000, 25000, 85000, 50000),
(1857, 223, 253, 8, 'Kamis', '2020-01-23', 0, 0, 0, 60000, 132000),
(1858, 181, 255, 8, 'Kamis', '2020-01-23', 0, 0, 0, 85000, 15000),
(1859, 149, 256, 8, 'Kamis', '2020-01-23', 0, 10000, 24000, 85000, 200000),
(1860, 161, 252, 8, 'Kamis', '2020-01-23', 0, 0, 0, 85000, 12000),
(1861, 183, 257, 8, 'Jumat', '2020-01-24', 0, 7000, 0, 75000, 23000),
(1862, 182, 254, 8, 'Jumat', '2020-01-24', 0, 0, 0, 85000, 10000),
(1863, 223, 253, 8, 'Jumat', '2020-01-24', 0, 5000, 22000, 60000, 0),
(1866, 181, 255, 8, 'Jumat', '2020-01-24', 0, 18000, 25000, 85000, 15000),
(1867, 149, 256, 8, 'Jumat', '2020-01-24', 0, 0, 0, 85000, 0),
(1868, 161, 252, 8, 'Jumat', '2020-01-24', 0, 0, 0, 85000, 273500),
(1869, 182, 259, 8, 'Sabtu', '2020-01-25', 0, 0, 0, 85000, 0),
(1870, 181, 261, 8, 'Sabtu', '2020-01-25', 0, 0, 0, 85000, 0),
(1872, 149, 260, 8, 'Sabtu', '2020-01-25', 0, 10000, 24000, 85000, 95000),
(1873, 183, 263, 8, 'Sabtu', '2020-01-25', 0, 14000, 0, 75000, 4000),
(1874, 223, 258, 8, 'Sabtu', '2020-01-25', 0, 0, 0, 60000, 0),
(1875, 161, 262, 8, 'Sabtu', '2020-01-25', 0, 12000, 0, 85000, 85000),
(1876, 181, 261, 8, 'Minggu', '2020-01-26', 0, 0, 0, 85000, 0),
(1877, 149, 260, 8, 'Minggu', '2020-01-26', 0, 0, 0, 85000, 335000);
INSERT INTO `credit_rincian_biaya_op` (`id_rincian`, `id_user`, `id_set`, `id_cabutan`, `hari`, `tanggal`, `biaya_beras`, `biaya_air_galon`, `biaya_gas`, `biaya_resiko`, `biaya_lain`) VALUES
(1878, 182, 259, 8, 'Minggu', '2020-01-26', 250000, 12000, 0, 85000, 50000),
(1880, 183, 263, 8, 'Minggu', '2020-01-26', 0, 0, 25000, 75000, 80000),
(1881, 223, 258, 8, 'Minggu', '2020-01-26', 0, 0, 0, 60000, 52000),
(1883, 161, 262, 8, 'Minggu', '2020-01-26', 0, 0, 0, 85000, 50000),
(1884, 223, 258, 8, 'Senin', '2020-01-27', 0, 0, 0, 60000, 0),
(1885, 182, 259, 8, 'Senin', '2020-01-27', 0, 0, 25000, 85000, 91000),
(1886, 183, 263, 8, 'Senin', '2020-01-27', 200000, 14000, 0, 75000, 12000),
(1887, 161, 262, 8, 'Senin', '2020-01-27', 0, 0, 0, 85000, 341000),
(1888, 181, 261, 8, 'Senin', '2020-01-27', 0, 0, 0, 85000, 96000),
(1889, 149, 260, 8, 'Senin', '2020-01-27', 250000, 0, 0, 85000, 0),
(1890, 182, 259, 8, 'Selasa', '2020-01-28', 0, 6000, 0, 52000, 14000),
(1891, 181, 261, 8, 'Selasa', '2020-01-28', 0, 0, 0, 85000, 0),
(1893, 223, 258, 8, 'Selasa', '2020-01-28', 0, 5000, 0, 60000, 5000),
(1894, 149, 260, 8, 'Selasa', '2020-01-28', 0, 10000, 0, 85000, 155000),
(1895, 183, 263, 8, 'Selasa', '2020-01-28', 0, 0, 0, 75000, 30000),
(1896, 161, 262, 8, 'Selasa', '2020-01-28', 0, 0, 25000, 85000, 57000),
(1897, 182, 259, 8, 'Rabu', '2020-01-29', 0, 6000, 0, 85000, 0),
(1898, 223, 258, 8, 'Rabu', '2020-01-29', 0, 0, 0, 60000, 0),
(1899, 149, 260, 8, 'Rabu', '2020-01-29', 0, 0, 24000, 85000, 20000),
(1900, 183, 263, 8, 'Rabu', '2020-01-29', 0, 0, 25000, 75000, 6000),
(1901, 181, 261, 8, 'Rabu', '2020-01-29', 0, 0, 0, 85000, 92000),
(1902, 161, 262, 8, 'Rabu', '2020-01-29', 0, 0, 0, 85000, 30000),
(1903, 223, 258, 8, 'Kamis', '2020-01-30', 0, 0, 0, 60000, 17000),
(1905, 182, 259, 8, 'Kamis', '2020-01-30', 0, 6000, 0, 85000, 45000),
(1906, 183, 263, 8, 'Kamis', '2020-01-30', 0, 14000, 0, 75000, 2000),
(1907, 149, 260, 8, 'Kamis', '2020-01-30', 0, 0, 0, 85000, 17000),
(1908, 161, 262, 8, 'Kamis', '2020-01-30', 0, 0, 0, 85000, 70000),
(1910, 181, 261, 8, 'Kamis', '2020-01-30', 0, 18000, 0, 85000, 35000),
(1911, 183, 263, 8, 'Jumat', '2020-01-31', 0, 0, 0, 75000, 10000),
(1912, 182, 259, 8, 'Jumat', '2020-01-31', 0, 0, 25000, 85000, 50000),
(1913, 149, 260, 8, 'Jumat', '2020-01-31', 0, 0, 0, 85000, 0),
(1914, 223, 258, 8, 'Jumat', '2020-01-31', 0, 0, 22000, 60000, 3000),
(1916, 161, 262, 8, 'Jumat', '2020-01-31', 0, 12000, 0, 85000, 20000),
(1917, 181, 261, 8, 'Jumat', '2020-01-31', 0, 0, 25000, 85000, 60000),
(1918, 182, 265, 8, 'Sabtu', '2020-02-01', 0, 0, 0, 85000, 0),
(1920, 149, 267, 8, 'Sabtu', '2020-02-01', 0, 0, 0, 85000, 40000),
(1921, 223, 264, 8, 'Sabtu', '2020-02-01', 0, 0, 0, 60000, 52000),
(1922, 161, 270, 8, 'Sabtu', '2020-02-01', 0, 0, 0, 85000, 40000),
(1923, 183, 268, 8, 'Sabtu', '2020-02-01', 0, 14000, 25000, 75000, 145000),
(1924, 181, 266, 8, 'Sabtu', '2020-02-01', 0, 0, 0, 85000, 0),
(1926, 260, 271, 1, 'Minggu', '2020-02-09', 25000, 25000, 15000, 210000, 120000),
(1927, 260, 289, 7, 'Minggu', '2020-03-01', 20000, 5000, 25000, 300000, 200000);

-- --------------------------------------------------------

--
-- Table structure for table `credit_set_biaya_op`
--

CREATE TABLE `credit_set_biaya_op` (
  `id_set_biaya_op` int(11) NOT NULL,
  `id_user` int(11) NOT NULL,
  `id_set` int(11) NOT NULL,
  `biaya_op` float NOT NULL
) ENGINE=InnoDB DEFAULT CHARSET=latin1;

--
-- Dumping data for table `credit_set_biaya_op`
--

INSERT INTO `credit_set_biaya_op` (`id_set_biaya_op`, `id_user`, `id_set`, `biaya_op`) VALUES
(1, 2, 1, 900000),
(4, 27, 10, 1000000),
(5, 23, 9, 250000),
(6, 20, 12, 369000),
(8, 22, 14, 85000),
(9, 25, 15, 850000),
(10, 24, 16, 900000),
(13, 182, 25, 182000),
(22, 149, 31, 1115000),
(23, 222, 33, 0),
(24, 182, 26, 1153500),
(27, 183, 28, 1200000),
(28, 161, 41, 1957500),
(29, 222, 38, 0),
(30, 182, 34, 1281500),
(31, 183, 37, 973000),
(32, 149, 39, 1568000),
(33, 161, 30, 1352000),
(34, 181, 35, 1056000),
(35, 223, 43, 0),
(36, 222, 47, 0),
(37, 149, 48, 1348000),
(38, 161, 42, 1120500),
(39, 181, 44, 1162000),
(40, 181, 40, 1569000),
(41, 182, 45, 1109000),
(42, 183, 46, 1045000),
(43, 223, 49, 637000),
(44, 183, 53, 1258500),
(45, 182, 51, 1413000),
(46, 149, 55, 2034000),
(48, 161, 50, 1596000),
(49, 181, 54, 1227000),
(50, 181, 65, 985000),
(51, 222, 64, 140000),
(52, 223, 57, 722000),
(53, 182, 58, 1124000),
(54, 149, 60, 1158000),
(55, 161, 63, 925000),
(56, 183, 59, 950000),
(57, 183, 70, 954500),
(58, 182, 69, 1319500),
(59, 223, 67, 605000),
(60, 222, 68, 902000),
(61, 149, 66, 1159500),
(62, 181, 72, 881000),
(63, 161, 71, 1217000),
(64, 183, 77, 975500),
(65, 222, 76, 626000),
(66, 182, 80, 1673000),
(67, 223, 73, 861000),
(68, 161, 78, 836000),
(69, 181, 75, 1306000),
(70, 149, 79, 1487000),
(71, 222, 81, 797500),
(72, 183, 83, 1200000),
(73, 223, 82, 1100000),
(74, 181, 84, 1149000),
(75, 182, 86, 1257000),
(76, 149, 88, 1573000),
(77, 161, 85, 1620000),
(78, 223, 91, 778000),
(79, 182, 89, 851500),
(80, 181, 93, 818000),
(81, 149, 94, 1305000),
(82, 183, 92, 948500),
(83, 161, 90, 1168000),
(84, 222, 95, 645000),
(85, 183, 99, 977000),
(86, 222, 97, 480000),
(87, 223, 101, 495000),
(88, 181, 103, 1264000),
(89, 149, 102, 1171000),
(90, 182, 98, 1435500),
(91, 161, 96, 909000),
(92, 182, 105, 981000),
(93, 223, 108, 1066000),
(94, 222, 106, 1197500),
(95, 183, 104, 1150000),
(96, 149, 110, 1267000),
(97, 161, 109, 1509500),
(98, 181, 107, 1039000),
(99, 183, 112, 1150000),
(100, 182, 116, 1049500),
(101, 222, 113, 650000),
(102, 223, 114, 778000),
(103, 181, 117, 1353000),
(104, 149, 111, 1224500),
(105, 161, 115, 1232500),
(106, 223, 120, 768000),
(107, 181, 125, 1105000),
(108, 149, 123, 1224000),
(109, 183, 119, 1560000),
(110, 161, 124, 1239500),
(111, 183, 129, 960500),
(112, 223, 127, 649500),
(113, 222, 126, 774500),
(114, 182, 128, 1215000),
(115, 149, 131, 1073000),
(116, 181, 132, 1328000),
(117, 161, 130, 1394000),
(118, 223, 133, 1067000),
(119, 149, 136, 1133000),
(120, 183, 138, 1200500),
(121, 182, 140, 1312000),
(122, 222, 137, 850500),
(123, 181, 139, 1464000),
(124, 161, 134, 1013000),
(125, 183, 148, 955500),
(126, 182, 145, 1136000),
(127, 222, 143, 592000),
(128, 223, 144, 627000),
(129, 181, 147, 833500),
(130, 161, 141, 1167500),
(131, 149, 146, 1310000),
(132, 222, 153, 404000),
(133, 183, 150, 989500),
(134, 223, 149, 513000),
(135, 182, 152, 1114000),
(136, 161, 151, 1218500),
(137, 149, 154, 1265000),
(138, 181, 155, 1739500),
(139, 183, 157, 1201500),
(140, 222, 156, 1227000),
(141, 223, 160, 598000),
(142, 182, 161, 1211000),
(143, 181, 159, 1177000),
(144, 149, 162, 1358000),
(145, 161, 158, 1455500),
(146, 183, 168, 950500),
(147, 223, 165, 581000),
(148, 182, 164, 1178000),
(149, 222, 166, 620500),
(150, 149, 169, 1360000),
(151, 161, 163, 1297000),
(152, 181, 167, 882500),
(153, 222, 171, 407000),
(154, 223, 172, 878000),
(155, 182, 174, 990000),
(156, 149, 176, 1059000),
(157, 161, 175, 1209000),
(158, 181, 170, 1140500),
(159, 183, 173, 950000),
(160, 182, 181, 1085000),
(161, 223, 180, 953000),
(162, 149, 184, 1030000),
(163, 222, 182, 518000),
(164, 181, 186, 1208500),
(165, 183, 183, 970000),
(166, 161, 178, 1271500),
(167, 182, 191, 1057000),
(168, 223, 187, 543000),
(169, 149, 190, 1277000),
(170, 161, 193, 1216500),
(171, 183, 189, 1250000),
(172, 181, 192, 1161500),
(173, 182, 195, 1256000),
(174, 223, 196, 791000),
(175, 181, 198, 1301500),
(176, 149, 194, 1597000),
(177, 183, 197, 1528000),
(178, 161, 199, 1678500),
(179, 183, 205, 1210000),
(180, 182, 203, 1171500),
(181, 223, 200, 604000),
(182, 149, 204, 1492000),
(183, 181, 201, 1110000),
(184, 161, 202, 1446500),
(185, 182, 208, 1402000),
(186, 181, 211, 1230000),
(187, 223, 206, 902500),
(188, 183, 207, 1086000),
(189, 149, 209, 1704500),
(190, 161, 212, 1334000),
(191, 223, 214, 808000),
(192, 149, 218, 1402000),
(193, 182, 215, 1145000),
(194, 183, 213, 999500),
(195, 161, 217, 1323000),
(196, 181, 216, 1188000),
(197, 223, 220, 679000),
(198, 181, 226, 1223000),
(199, 182, 223, 1509500),
(200, 183, 221, 1102500),
(201, 161, 222, 1479000),
(202, 149, 224, 1479000),
(203, 223, 228, 856000),
(204, 183, 230, 1374500),
(205, 181, 231, 1119000),
(206, 182, 227, 1324000),
(207, 149, 229, 1345000),
(208, 161, 232, 1471000),
(209, 223, 235, 851000),
(210, 149, 238, 1377000),
(211, 182, 233, 1433000),
(212, 181, 234, 1000000),
(213, 161, 237, 1228000),
(214, 183, 236, 1101500),
(215, 182, 241, 1197000),
(216, 223, 239, 634000),
(217, 181, 240, 980000),
(218, 149, 245, 1386000),
(219, 161, 242, 1561000),
(220, 183, 243, 1213000),
(221, 223, 246, 840000),
(222, 182, 249, 1267000),
(223, 183, 248, 1347500),
(224, 181, 247, 1182000),
(225, 161, 251, 1671500),
(226, 149, 250, 2008000),
(227, 183, 257, 1148500),
(228, 182, 254, 1002500),
(229, 223, 253, 645000),
(230, 181, 255, 1018000),
(231, 161, 252, 1334500),
(232, 149, 256, 1323000),
(233, 183, 263, 961000),
(234, 182, 259, 1142000),
(235, 149, 260, 1535000),
(236, 223, 258, 524000),
(237, 181, 261, 921000),
(238, 161, 262, 1297000),
(239, 260, 271, 120000),
(240, 260, 289, 20000);

-- --------------------------------------------------------

--
-- Table structure for table `credit_set_cabang`
--

CREATE TABLE `credit_set_cabang` (
  `id_cabang` int(11) NOT NULL,
  `nama_cabang` varchar(50) NOT NULL,
  `alamat_cabang` varchar(100) NOT NULL
) ENGINE=InnoDB DEFAULT CHARSET=latin1;

--
-- Dumping data for table `credit_set_cabang`
--

INSERT INTO `credit_set_cabang` (`id_cabang`, `nama_cabang`, `alamat_cabang`) VALUES
(1, 'Pagaden', 'Alamatnya ... 1'),
(2, 'Cagak', 'Alamatnya ..'),
(3, 'Purwakarta', 'Alamatnya ...'),
(4, 'Cikampek', 'Alamatnya ...'),
(5, 'Kosambi', 'Alamatnya ...'),
(6, 'Cibitung', 'Alamatnya ...'),
(7, 'Cilengsi', 'Alamatnya ...');

-- --------------------------------------------------------

--
-- Table structure for table `credit_set_gaji_al`
--

CREATE TABLE `credit_set_gaji_al` (
  `id_set_gaji_al` int(11) NOT NULL,
  `id_user` int(11) NOT NULL,
  `status` enum('Training','Pasca Training','Gaji Penuh') NOT NULL,
  `keterangan` varchar(100) NOT NULL,
  `minggu` int(11) NOT NULL
) ENGINE=InnoDB DEFAULT CHARSET=latin1;

--
-- Dumping data for table `credit_set_gaji_al`
--

INSERT INTO `credit_set_gaji_al` (`id_set_gaji_al`, `id_user`, `status`, `keterangan`, `minggu`) VALUES
(1, 2, 'Pasca Training', 'Gaji Pasca Training', 5),
(2, 4, 'Training', 'Gaji Training', 5),
(3, 23, 'Gaji Penuh', 'Gaji Penuh', 1),
(4, 27, 'Training', 'Gaji Training', 5),
(5, 20, 'Pasca Training', 'Gaji Pasca Training', 5),
(6, 21, 'Gaji Penuh', 'Gaji Penuh', 5),
(7, 22, 'Training', 'Gaji Training', 5),
(8, 25, 'Gaji Penuh', 'Gaji Penuh', 4),
(9, 24, 'Gaji Penuh', 'Gaji Penuh', 5),
(10, 149, 'Gaji Penuh', 'Gaji Penuh', 0),
(11, 161, 'Gaji Penuh', 'Gaji Penuh', 5),
(12, 181, 'Gaji Penuh', 'Gaji Penuh', 4),
(13, 183, 'Gaji Penuh', 'Gaji Penuh', 10),
(14, 182, 'Pasca Training', 'Gaji Pasca Training', 4),
(15, 222, 'Pasca Training', 'Gaji Pasca Training', 5),
(16, 223, 'Pasca Training', 'Gaji Pasca Training', 4),
(17, 260, 'Gaji Penuh', 'Gaji Penuh', 4);

-- --------------------------------------------------------

--
-- Table structure for table `credit_set_gaji_tm`
--

CREATE TABLE `credit_set_gaji_tm` (
  `id_set_gaji_tm` int(11) NOT NULL,
  `id_user` int(11) NOT NULL,
  `id_set` int(11) NOT NULL,
  `gaji` float NOT NULL
) ENGINE=InnoDB DEFAULT CHARSET=latin1;

--
-- Dumping data for table `credit_set_gaji_tm`
--

INSERT INTO `credit_set_gaji_tm` (`id_set_gaji_tm`, `id_user`, `id_set`, `gaji`) VALUES
(1, 2, 1, 32000),
(4, 23, 9, 250000),
(5, 27, 10, 250000),
(8, 22, 14, 250000),
(10, 24, 16, 250000),
(11, 25, 15, 250000),
(13, 20, 12, 250000),
(24, 182, 25, 0),
(25, 161, 30, 20000),
(27, 149, 31, 22000),
(28, 222, 33, 0),
(29, 182, 26, 20000),
(30, 183, 28, 20000),
(31, 223, 36, 20000),
(32, 161, 41, 20000),
(33, 149, 39, 22000),
(35, 222, 38, 0),
(37, 183, 37, 20000),
(38, 181, 35, 20000),
(39, 161, 42, 20000),
(40, 223, 43, 0),
(41, 222, 47, 0),
(42, 149, 48, 22000),
(43, 181, 40, 0),
(44, 181, 44, 20000),
(46, 183, 46, 20000),
(47, 161, 50, 1000000),
(48, 223, 49, 770000),
(49, 183, 53, 1000000),
(50, 182, 51, 140000),
(51, 149, 55, 1000000),
(52, 181, 54, 1000000),
(53, 181, 65, 20000),
(54, 222, 64, 0),
(55, 223, 57, 20000),
(56, 182, 58, 20000),
(57, 149, 60, 22000),
(58, 161, 63, 20000),
(59, 183, 59, 20000),
(60, 161, 71, 20000),
(61, 183, 70, 20000),
(62, 182, 69, 20000),
(63, 223, 67, 20000),
(64, 222, 68, 10000),
(65, 149, 66, 22000),
(66, 181, 72, 20000),
(67, 161, 78, 20000),
(68, 183, 77, 20000),
(69, 222, 76, 10000),
(70, 182, 80, 0),
(71, 223, 73, 20000),
(72, 149, 79, 22000),
(73, 181, 75, 20000),
(74, 161, 85, 1000000),
(75, 222, 81, 760000),
(76, 183, 83, 1000000),
(77, 223, 82, 1020000),
(78, 181, 84, 1000000),
(79, 182, 86, 750000),
(80, 149, 88, 1000000),
(81, 223, 91, 20000),
(82, 149, 94, 22000),
(83, 182, 89, 0),
(84, 181, 93, 20000),
(85, 183, 92, 20000),
(86, 161, 90, 0),
(87, 222, 95, 10000),
(88, 161, 96, 20000),
(89, 183, 99, 20000),
(90, 222, 97, 10000),
(91, 223, 101, 20000),
(92, 181, 103, 20000),
(93, 149, 102, 22000),
(94, 182, 98, 0),
(95, 161, 109, 20000),
(96, 182, 105, 0),
(97, 223, 108, 20000),
(98, 222, 106, 10000),
(99, 183, 104, 20000),
(100, 149, 110, 22000),
(101, 181, 107, 20000),
(102, 183, 112, 20000),
(103, 182, 116, 20000),
(104, 222, 113, 10000),
(105, 223, 114, 20000),
(106, 181, 117, 20000),
(107, 149, 111, 22000),
(108, 161, 115, 20000),
(109, 183, 119, 1270000),
(110, 222, 121, 1000000),
(111, 223, 120, 1020000),
(112, 181, 125, 1250000),
(113, 182, 122, 770000),
(114, 149, 123, 1000000),
(115, 161, 124, 1250000),
(116, 183, 129, 20000),
(117, 223, 127, 20000),
(118, 222, 126, 0),
(119, 182, 128, 20000),
(120, 149, 131, 22000),
(121, 181, 132, 20000),
(122, 161, 130, 20000),
(123, 183, 138, 20000),
(124, 161, 134, 520000),
(125, 223, 133, 20000),
(126, 149, 136, 20000),
(127, 182, 140, 20000),
(128, 181, 139, 20000),
(129, 222, 137, 0),
(130, 183, 148, 20000),
(131, 182, 145, 20000),
(132, 222, 143, 0),
(133, 223, 144, 20000),
(134, 181, 147, 20000),
(135, 161, 141, 20000),
(136, 149, 146, 20000),
(137, 222, 153, 0),
(138, 183, 150, 20000),
(139, 223, 149, 20000),
(140, 182, 152, 20000),
(141, 161, 151, 20000),
(142, 149, 154, 20000),
(143, 181, 155, 20000),
(144, 161, 158, 520000),
(145, 183, 157, 1270000),
(146, 223, 160, 1000000),
(147, 222, 156, 0),
(148, 182, 161, 1250000),
(149, 181, 159, 1250000),
(150, 149, 162, 1000000),
(151, 161, 163, 20000),
(152, 183, 168, 20000),
(153, 182, 164, 20000),
(154, 223, 165, 0),
(155, 222, 166, 0),
(156, 149, 169, 20000),
(157, 181, 167, 20000),
(158, 222, 171, 0),
(159, 223, 172, 20000),
(160, 182, 174, 20000),
(161, 149, 176, 20000),
(162, 161, 175, 20000),
(163, 181, 170, 20000),
(164, 183, 173, 20000),
(165, 161, 178, 20000),
(166, 182, 181, 0),
(167, 223, 180, 20000),
(168, 149, 184, 20000),
(169, 222, 182, 0),
(170, 181, 186, 20000),
(171, 183, 183, 20000),
(172, 161, 193, 0),
(173, 182, 191, 0),
(174, 223, 187, 20000),
(175, 149, 190, 20000),
(176, 183, 189, 20000),
(177, 181, 192, 20000),
(178, 161, 199, 270000),
(179, 182, 195, 250000),
(180, 223, 196, 1020000),
(181, 181, 198, 1250000),
(182, 149, 194, 1000000),
(183, 183, 197, 1270000),
(184, 161, 202, 0),
(185, 183, 205, 20000),
(186, 182, 203, 20000),
(187, 223, 200, 20000),
(188, 149, 204, 20000),
(189, 181, 201, 20000),
(190, 161, 212, 20000),
(191, 182, 208, 20000),
(192, 181, 211, 20000),
(193, 223, 206, 20000),
(194, 183, 207, 20000),
(195, 149, 209, 20000),
(196, 223, 214, 0),
(197, 149, 218, 20000),
(198, 182, 215, 20000),
(199, 183, 213, 20000),
(200, 161, 217, 20000),
(201, 181, 216, 20000),
(202, 161, 222, 770000),
(203, 223, 220, 500000),
(204, 181, 226, 1000000),
(205, 182, 223, 1000000),
(206, 183, 221, 1020000),
(207, 149, 224, 1000000),
(208, 223, 228, 20000),
(209, 161, 232, 20000),
(210, 183, 230, 20000),
(211, 181, 231, 20000),
(212, 182, 227, 20000),
(213, 149, 229, 20000),
(214, 223, 235, 20000),
(215, 149, 238, 20000),
(216, 182, 233, 20000),
(217, 181, 234, 20000),
(218, 161, 237, 20000),
(219, 183, 236, 20000),
(220, 223, 239, 20000),
(221, 182, 241, 20000),
(222, 181, 240, 20000),
(223, 149, 245, 20000),
(224, 161, 242, 20000),
(225, 183, 243, 20000),
(226, 223, 246, 1020000),
(227, 182, 249, 1000000),
(228, 183, 248, 1020000),
(229, 181, 247, 1000000),
(230, 161, 251, 1020000),
(231, 149, 250, 1000000),
(232, 223, 253, 20000),
(233, 183, 257, 20000),
(234, 182, 254, 0),
(235, 161, 252, 20000),
(236, 181, 255, 20000),
(237, 149, 256, 20000),
(238, 223, 258, 20000),
(239, 182, 259, 20000),
(240, 183, 263, 20000),
(242, 161, 262, 0),
(243, 149, 260, 20000),
(244, 181, 261, 20000),
(245, 260, 271, 20000),
(246, 260, 272, 20000);

-- --------------------------------------------------------

--
-- Table structure for table `credit_set_input`
--

CREATE TABLE `credit_set_input` (
  `id_set` int(11) NOT NULL,
  `id_user` int(11) NOT NULL,
  `bulan` varchar(15) NOT NULL,
  `minggu` int(11) NOT NULL,
  `tanggal_awal` date NOT NULL,
  `tanggal_akhir` date NOT NULL
) ENGINE=InnoDB DEFAULT CHARSET=latin1;

--
-- Dumping data for table `credit_set_input`
--

INSERT INTO `credit_set_input` (`id_set`, `id_user`, `bulan`, `minggu`, `tanggal_awal`, `tanggal_akhir`) VALUES
(1, 2, 'Mei', 1, '2019-05-04', '2019-05-10'),
(7, 2, 'Mei', 2, '2019-05-11', '2019-05-17'),
(8, 4, 'Mei', 1, '2019-05-04', '2019-05-10'),
(9, 23, 'Juni', 1, '2019-06-02', '2019-06-09'),
(10, 27, 'Januari', 1, '2019-01-01', '2019-01-08'),
(11, 26, 'Juni', 1, '2019-06-09', '2019-06-16'),
(12, 20, 'Juni', 1, '2019-06-15', '2019-06-21'),
(14, 22, 'Juni', 1, '2019-06-01', '2019-06-07'),
(15, 25, 'Juni', 1, '2019-06-08', '2019-06-12'),
(16, 24, 'Juni', 1, '2019-06-15', '2019-06-22'),
(17, 21, 'Juni', 1, '2019-06-15', '2019-06-21'),
(18, 20, 'Juni', 2, '2019-06-22', '2019-06-28'),
(19, 25, 'Juni', 1, '2019-06-14', '2019-06-20'),
(25, 182, 'Juni', 1, '2019-06-13', '2019-06-14'),
(26, 182, 'Juni', 1, '2019-06-15', '2019-06-21'),
(27, 183, 'Juni', 1, '2019-06-13', '2019-06-14'),
(28, 183, 'Juni', 2, '2019-06-15', '2019-06-21'),
(30, 161, 'Juni', 2, '2019-06-22', '2019-06-28'),
(31, 149, 'Juni', 1, '2019-06-15', '2019-06-21'),
(32, 223, 'Juni', 1, '2019-06-15', '2019-06-21'),
(33, 222, 'Juni', 1, '2019-06-15', '2019-06-21'),
(34, 182, 'Juni', 2, '2019-06-22', '2019-06-28'),
(35, 181, 'Juni', 2, '2019-06-22', '2019-06-28'),
(36, 223, 'Juni', 2, '2019-06-22', '2019-06-28'),
(37, 183, 'Juni', 1, '2019-06-22', '2019-06-28'),
(38, 222, 'Juni', 2, '2019-06-22', '2019-06-28'),
(39, 149, 'Juni', 2, '2019-06-22', '2019-06-28'),
(40, 181, 'Juni', 1, '2019-06-15', '2019-06-21'),
(41, 161, 'Juni', 1, '2019-06-15', '2019-06-21'),
(42, 161, 'Juni', 3, '2019-06-29', '2019-07-05'),
(43, 223, 'Juni', 3, '2019-06-29', '2019-07-05'),
(44, 181, 'Juni', 3, '2019-06-29', '2019-07-05'),
(45, 182, 'Juni', 3, '2019-06-29', '2019-07-05'),
(46, 183, 'Juni', 3, '2019-06-29', '2019-07-05'),
(47, 222, 'Juni', 3, '2019-06-29', '2019-07-05'),
(48, 149, 'Juni', 3, '2019-06-29', '2019-07-05'),
(49, 223, 'Juli', 4, '2019-07-06', '2019-07-12'),
(50, 161, 'Juni', 4, '2019-07-06', '2019-07-12'),
(51, 182, 'Juli', 4, '2019-07-06', '2019-07-12'),
(52, 222, 'Juli', 4, '2019-07-06', '2019-07-12'),
(53, 183, 'Juli', 4, '2019-07-06', '2019-07-12'),
(54, 181, 'Juli', 4, '2019-07-06', '2019-07-12'),
(55, 149, 'Juli', 4, '2019-07-06', '2019-07-12'),
(57, 223, 'Juli', 1, '2019-07-13', '2019-07-19'),
(58, 182, 'Juli', 1, '2019-07-13', '2019-07-19'),
(59, 183, 'Juli', 1, '2019-07-13', '2019-07-19'),
(60, 149, 'Juli', 1, '2019-07-13', '2019-07-19'),
(63, 161, 'Juli', 1, '2019-07-13', '2019-07-19'),
(64, 222, 'Juli', 1, '2019-07-13', '2019-07-19'),
(65, 181, 'Juli', 1, '2019-07-13', '2019-07-19'),
(66, 149, 'Juli', 2, '2019-07-20', '2019-07-26'),
(67, 223, 'Juli', 2, '2019-07-20', '2019-07-26'),
(68, 222, 'Juli', 2, '2019-07-20', '2019-07-26'),
(69, 182, 'Juli', 2, '2019-07-20', '2019-07-26'),
(70, 183, 'Juli', 2, '2019-07-20', '2019-07-26'),
(71, 161, 'Juli', 2, '2019-07-20', '2019-07-26'),
(72, 181, 'Juli', 2, '2019-07-20', '2019-07-26'),
(73, 223, 'Juli', 3, '2019-07-27', '2019-08-02'),
(75, 181, 'Juli', 3, '2019-07-27', '2019-08-02'),
(76, 222, 'Juli', 3, '2019-07-27', '2019-08-02'),
(77, 183, 'Juli', 3, '2019-07-27', '2019-08-02'),
(78, 161, 'Juli', 3, '2019-07-27', '2019-08-02'),
(79, 149, 'Juli', 3, '2019-07-27', '2019-08-02'),
(80, 182, 'Juli', 3, '2019-07-27', '2019-08-02'),
(81, 222, 'Agustus', 4, '2019-08-03', '2019-08-09'),
(82, 223, 'Agustus', 4, '2019-08-03', '2019-08-09'),
(83, 183, 'Agustus', 4, '2019-08-03', '2019-08-09'),
(84, 181, 'Agustus', 4, '2019-08-03', '2019-08-09'),
(85, 161, 'Agustus', 4, '2019-08-03', '2019-08-09'),
(86, 182, 'Agustus', 4, '2019-08-03', '2019-08-09'),
(88, 149, 'Agustus', 4, '2019-08-03', '2019-08-09'),
(89, 182, 'Agustus', 1, '2019-08-10', '2019-08-16'),
(90, 161, 'Agustus', 1, '2019-08-10', '2019-08-16'),
(91, 223, 'Agustus', 1, '2019-08-10', '2019-08-16'),
(92, 183, 'Agustus', 1, '2019-08-10', '2019-08-16'),
(93, 181, 'Agustus', 1, '2019-08-10', '2019-08-16'),
(94, 149, 'Agustus', 1, '2019-08-10', '2019-08-16'),
(95, 222, 'Agustus', 1, '2019-08-10', '2019-08-16'),
(96, 161, 'Agustus', 2, '2019-08-17', '2019-08-23'),
(97, 222, 'Agustus', 2, '2019-08-17', '2019-08-23'),
(98, 182, 'Agustus', 2, '2019-08-17', '2019-08-23'),
(99, 183, 'Agustus', 2, '2019-08-17', '2019-08-23'),
(101, 223, 'Agustus', 2, '2019-08-17', '2019-08-23'),
(102, 149, 'Agustus', 2, '2019-08-17', '2019-08-23'),
(103, 181, 'Agustus', 2, '2019-08-17', '2019-08-23'),
(104, 183, 'Agustus', 3, '2019-08-24', '2019-08-30'),
(105, 182, 'Agustus', 3, '2019-08-24', '2019-08-30'),
(106, 222, 'Agustus', 3, '2019-08-24', '2019-08-30'),
(107, 181, 'Agustus', 3, '2019-08-24', '2019-08-30'),
(108, 223, 'Agustus', 3, '2019-08-24', '2019-08-30'),
(109, 161, 'Agustus', 3, '2019-08-24', '2019-08-30'),
(110, 149, 'Agustus', 3, '2019-08-24', '2019-08-30'),
(111, 149, 'Agustus', 4, '2019-08-31', '2019-09-06'),
(112, 183, 'Agustus', 4, '2019-08-31', '2019-09-06'),
(113, 222, 'Agustus', 4, '2019-08-31', '2019-09-06'),
(114, 223, 'Agustus', 4, '2019-08-31', '2019-09-06'),
(115, 161, 'Agustus', 4, '2019-08-31', '2019-09-06'),
(116, 182, 'Agustus', 4, '2019-08-31', '2019-09-06'),
(117, 181, 'Agustus', 4, '2019-08-31', '2019-09-06'),
(119, 183, 'September', 5, '2019-09-07', '2019-09-13'),
(120, 223, 'September', 5, '2019-09-07', '2019-09-13'),
(121, 222, 'September', 5, '2019-09-07', '2019-09-13'),
(122, 182, 'September', 5, '2019-09-07', '2019-09-13'),
(123, 149, 'September', 5, '2019-09-07', '2019-09-13'),
(124, 161, 'September', 5, '2019-09-07', '2019-09-13'),
(125, 181, 'September', 5, '2019-09-07', '2019-09-13'),
(126, 222, 'September', 1, '2019-09-14', '2019-09-20'),
(127, 223, 'September', 1, '2019-09-14', '2019-09-20'),
(128, 182, 'September', 1, '2019-09-14', '2019-09-20'),
(129, 183, 'September', 1, '2019-09-14', '2019-09-20'),
(130, 161, 'September', 1, '2019-09-14', '2019-09-20'),
(131, 149, 'September', 1, '2019-09-14', '2019-09-20'),
(132, 181, 'September', 1, '2019-09-14', '2019-09-20'),
(133, 223, 'September', 2, '2019-09-21', '2019-09-27'),
(134, 161, 'September', 2, '2019-09-21', '2019-09-27'),
(136, 149, 'September', 2, '2019-09-21', '2019-09-27'),
(137, 222, 'September', 2, '2019-09-21', '2019-09-27'),
(138, 183, 'September', 2, '2019-09-21', '2019-09-27'),
(139, 181, 'September', 2, '2019-09-21', '2019-09-27'),
(140, 182, 'September', 2, '2019-09-21', '2019-09-27'),
(141, 161, 'September', 3, '2019-09-28', '2019-10-04'),
(143, 222, 'September', 3, '2019-09-28', '2019-10-04'),
(144, 223, 'September', 3, '2019-09-28', '2019-10-04'),
(145, 182, 'September', 3, '2019-09-28', '2019-10-04'),
(146, 149, 'September', 3, '2019-09-28', '2019-10-04'),
(147, 181, 'September', 3, '2019-09-28', '2019-10-04'),
(148, 183, 'September', 3, '2019-09-28', '2019-10-04'),
(149, 223, 'Oktober', 4, '2019-10-05', '2019-10-11'),
(150, 183, 'Oktober', 4, '2019-10-05', '2019-10-11'),
(151, 161, 'Oktober', 4, '2019-10-05', '2019-10-11'),
(152, 182, 'Oktober', 4, '2019-10-05', '2019-10-11'),
(153, 222, 'Oktober', 4, '2019-10-05', '2019-10-11'),
(154, 149, 'Oktober', 4, '2019-10-05', '2019-10-11'),
(155, 181, 'September', 4, '2019-10-05', '2019-10-11'),
(156, 222, 'Oktober', 5, '2019-10-12', '2019-10-18'),
(157, 183, 'Oktober', 5, '2019-10-12', '2019-10-18'),
(158, 161, 'Oktober', 5, '2019-10-12', '2019-10-18'),
(159, 181, 'Oktober', 5, '2019-10-12', '2019-10-18'),
(160, 223, 'Oktober', 5, '2019-10-12', '2019-10-18'),
(161, 182, 'Oktober', 5, '2019-10-12', '2019-10-18'),
(162, 149, 'Oktober', 5, '2019-10-12', '2019-10-18'),
(163, 161, 'Oktober', 1, '2019-10-19', '2019-10-25'),
(164, 182, 'Oktober', 1, '2019-10-19', '2019-10-25'),
(165, 223, 'Oktober', 1, '2019-10-19', '2019-10-25'),
(166, 222, 'Oktober', 1, '2019-10-19', '2019-10-25'),
(167, 181, 'Oktober', 1, '2019-10-19', '2019-10-25'),
(168, 183, 'Oktober', 1, '2019-10-19', '2019-10-25'),
(169, 149, 'Oktober', 1, '2019-10-19', '2019-10-25'),
(170, 181, 'Oktober', 2, '2019-10-26', '2019-11-01'),
(171, 222, 'Oktober', 2, '2019-10-26', '2019-11-01'),
(172, 223, 'Oktober', 2, '2019-10-26', '2019-11-01'),
(173, 183, 'Oktober', 2, '2019-10-26', '2019-11-01'),
(174, 182, 'Oktober', 2, '2019-10-26', '2019-11-01'),
(175, 161, 'Oktober', 2, '2019-10-26', '2019-11-01'),
(176, 149, 'Oktober', 2, '2019-10-26', '2019-11-01'),
(178, 161, 'November', 3, '2019-11-02', '2019-11-08'),
(180, 223, 'November', 3, '2019-11-02', '2019-11-08'),
(181, 182, 'November', 3, '2019-11-02', '2019-11-08'),
(182, 222, 'Oktober', 3, '2019-11-02', '2019-11-08'),
(183, 183, 'November', 3, '2019-11-02', '2019-11-08'),
(184, 149, 'November', 3, '2019-11-02', '2019-11-08'),
(185, 181, 'Oktober', 3, '2019-11-02', '2019-11-08'),
(186, 181, 'November', 3, '2019-11-02', '2019-11-08'),
(187, 223, 'November', 4, '2019-11-09', '2019-11-15'),
(189, 183, 'November', 4, '2019-11-09', '2019-11-15'),
(190, 149, 'November', 4, '2019-11-09', '2019-11-15'),
(191, 182, 'November', 4, '2019-11-09', '2019-11-15'),
(192, 181, 'November', 4, '2019-11-09', '2019-11-15'),
(193, 161, 'November', 4, '2019-11-09', '2019-11-15'),
(194, 149, 'November', 5, '2019-11-16', '2019-11-22'),
(195, 182, 'November', 5, '2019-11-16', '2019-11-22'),
(196, 223, 'November', 5, '2019-11-16', '2019-11-22'),
(197, 183, 'November', 5, '2019-11-16', '2019-11-22'),
(198, 181, 'November', 5, '2019-11-16', '2019-11-22'),
(199, 161, 'November', 5, '2019-11-16', '2019-11-22'),
(200, 223, 'November', 1, '2019-11-23', '2019-11-29'),
(201, 181, 'November', 1, '2019-11-23', '2019-11-29'),
(202, 161, 'November', 1, '2019-11-23', '2019-11-29'),
(203, 182, 'November', 1, '2019-11-23', '2019-11-29'),
(204, 149, 'November', 1, '2019-11-23', '2019-11-29'),
(205, 183, 'November', 1, '2019-11-23', '2019-11-29'),
(206, 223, 'November', 2, '2019-11-30', '2019-12-06'),
(207, 183, 'November', 2, '2019-11-30', '2019-12-06'),
(208, 182, 'November', 2, '2019-11-30', '2019-12-06'),
(209, 149, 'November', 2, '2019-11-30', '2019-12-06'),
(211, 181, 'November', 2, '2019-11-30', '2019-12-06'),
(212, 161, 'November', 2, '2019-11-30', '2019-12-06'),
(214, 223, 'Desember', 3, '2019-12-07', '2019-12-13'),
(215, 182, 'Desember', 3, '2019-12-07', '2019-12-13'),
(216, 181, 'Desember', 3, '2019-12-07', '2019-12-13'),
(217, 161, 'Desember', 3, '2019-12-07', '2019-12-13'),
(218, 149, 'Desember', 3, '2019-12-07', '2019-12-13'),
(220, 223, 'Desember', 4, '2019-12-14', '2019-12-20'),
(221, 183, 'Desember', 4, '2019-12-14', '2019-12-20'),
(222, 161, 'Desember', 4, '2019-12-14', '2019-12-20'),
(223, 182, 'Desember', 4, '2019-12-14', '2019-12-20'),
(224, 149, 'Desember', 4, '2019-12-14', '2019-12-20'),
(226, 181, 'Desember', 4, '2019-12-14', '2019-12-20'),
(227, 182, 'Desember', 1, '2019-12-21', '2019-12-27'),
(228, 223, 'Desember', 1, '2019-12-21', '2019-12-27'),
(229, 149, 'Desember', 1, '2019-12-21', '2019-12-27'),
(230, 183, 'Desember', 1, '2019-12-21', '2019-12-27'),
(231, 181, 'Desember', 1, '2019-12-21', '2019-12-27'),
(232, 161, 'Desember', 1, '2019-12-21', '2019-12-27'),
(233, 182, 'Desember', 2, '2019-12-28', '2020-01-03'),
(234, 181, 'Desember', 2, '2019-12-28', '2020-01-03'),
(235, 223, 'Desember', 2, '2019-12-28', '2020-01-03'),
(236, 183, 'Desember', 2, '2019-12-28', '2020-01-03'),
(237, 161, 'Desember', 2, '2019-12-28', '2020-01-03'),
(238, 149, 'Desember', 2, '2019-12-28', '2020-01-03'),
(239, 223, 'Januari', 3, '2020-01-04', '2020-01-10'),
(240, 181, 'Januari', 3, '2020-01-04', '2020-01-10'),
(241, 182, 'Januari', 3, '2020-01-04', '2020-01-10'),
(242, 161, 'Januari', 3, '2020-01-04', '2020-01-10'),
(243, 183, 'Januari', 3, '2020-01-04', '2020-01-10'),
(244, 183, 'Desember', 3, '2019-12-07', '2019-12-13'),
(245, 149, 'Januari', 3, '2020-01-04', '2020-01-10'),
(246, 223, 'Januari', 4, '2020-01-11', '2020-01-17'),
(247, 181, 'Januari', 4, '2020-01-11', '2020-01-17'),
(248, 183, 'Januari', 4, '2020-01-11', '2020-01-17'),
(249, 182, 'Januari', 4, '2020-01-11', '2020-01-17'),
(250, 149, 'Januari', 4, '2020-01-11', '2020-01-17'),
(251, 161, 'Januari', 4, '2020-01-11', '2020-01-17'),
(252, 161, 'Januari', 1, '2020-01-18', '2020-01-24'),
(253, 223, 'Januari', 1, '2020-01-18', '2020-01-24'),
(254, 182, 'Januari', 1, '2020-01-18', '2020-01-24'),
(255, 181, 'Januari', 1, '2020-01-18', '2020-01-24'),
(256, 149, 'Januari', 1, '2020-01-18', '2020-01-24'),
(257, 183, 'Januari', 1, '2020-01-18', '2020-01-24'),
(258, 223, 'Januari', 2, '2020-01-25', '2020-01-31'),
(259, 182, 'Januari', 2, '2020-01-25', '2020-01-31'),
(260, 149, 'Januari', 2, '2020-01-25', '2020-01-31'),
(261, 181, 'Januari', 2, '2020-01-25', '2020-01-31'),
(262, 161, 'Januari', 2, '2020-01-25', '2020-01-31'),
(263, 183, 'Januari', 2, '2020-01-25', '2020-01-31'),
(264, 223, 'Februari', 3, '2020-02-01', '2020-02-07'),
(265, 182, 'Februari', 3, '2020-02-01', '2020-02-07'),
(266, 181, 'Februari', 3, '2020-02-01', '2020-02-07'),
(267, 149, 'Februari', 3, '2020-02-01', '2020-02-07'),
(268, 183, 'Februari', 3, '2020-02-01', '2020-02-07'),
(269, 183, 'Januari', 3, '2020-02-01', '2020-02-07'),
(270, 161, 'Februari', 3, '2020-02-01', '2020-02-07'),
(271, 260, 'Februari', 2, '2020-02-08', '2020-02-14'),
(272, 260, 'Februari', 3, '2020-02-15', '2020-02-21'),
(289, 260, 'Maret', 1, '2020-03-01', '2020-03-07'),
(290, 260, 'Maret', 2, '2020-03-08', '2020-03-14');

-- --------------------------------------------------------

--
-- Table structure for table `credit_set_jumlah_lapangan`
--

CREATE TABLE `credit_set_jumlah_lapangan` (
  `id_jumlah` int(11) NOT NULL,
  `id_user` int(11) NOT NULL,
  `id_cabang` int(11) NOT NULL,
  `jumlah` int(11) NOT NULL
) ENGINE=InnoDB DEFAULT CHARSET=latin1;

--
-- Dumping data for table `credit_set_jumlah_lapangan`
--

INSERT INTO `credit_set_jumlah_lapangan` (`id_jumlah`, `id_user`, `id_cabang`, `jumlah`) VALUES
(2, 4, 2, 11),
(3, 2, 1, 11),
(4, 23, 4, 11),
(5, 27, 8, 10),
(6, 26, 7, 10),
(7, 20, 1, 10),
(8, 22, 3, 11),
(9, 24, 5, 10),
(10, 21, 2, 10),
(11, 25, 6, 10),
(12, 149, 1, 10),
(13, 161, 2, 9),
(14, 181, 3, 10),
(15, 182, 4, 10),
(16, 183, 5, 9),
(17, 223, 7, 5),
(18, 222, 6, 3),
(19, 260, 1, 3);

-- --------------------------------------------------------

--
-- Table structure for table `credit_set_omzet`
--

CREATE TABLE `credit_set_omzet` (
  `id_omzet` int(11) NOT NULL,
  `id_user` int(11) NOT NULL,
  `id_set` int(11) NOT NULL,
  `id_cabutan` int(11) NOT NULL,
  `hari` varchar(10) NOT NULL,
  `tanggal` date NOT NULL,
  `omzet_lap_1` float NOT NULL,
  `omzet_lap_2` float NOT NULL,
  `omzet_lap_3` float NOT NULL,
  `omzet_lap_4` float NOT NULL,
  `omzet_lap_5` float NOT NULL,
  `omzet_lap_6` float NOT NULL,
  `omzet_lap_7` float NOT NULL,
  `omzet_lap_8` float NOT NULL,
  `omzet_lap_9` float NOT NULL,
  `omzet_lap_10` float NOT NULL,
  `omzet_lap_11` float NOT NULL
) ENGINE=InnoDB DEFAULT CHARSET=latin1;

--
-- Dumping data for table `credit_set_omzet`
--

INSERT INTO `credit_set_omzet` (`id_omzet`, `id_user`, `id_set`, `id_cabutan`, `hari`, `tanggal`, `omzet_lap_1`, `omzet_lap_2`, `omzet_lap_3`, `omzet_lap_4`, `omzet_lap_5`, `omzet_lap_6`, `omzet_lap_7`, `omzet_lap_8`, `omzet_lap_9`, `omzet_lap_10`, `omzet_lap_11`) VALUES
(1, 260, 271, 1, 'Minggu', '2020-02-09', 2000000, 2000000, 1250000, 0, 0, 0, 0, 0, 0, 0, 0),
(2, 260, 271, 1, 'Senin', '2020-02-10', 1100000, 1300000, 0, 0, 0, 0, 0, 0, 0, 0, 0),
(3, 260, 272, 1, 'Sabtu', '2020-02-15', 2500000, 1640000, 0, 0, 0, 0, 0, 0, 0, 0, 0),
(4, 260, 271, 1, 'Selasa', '2020-02-11', 1200000, 132000, 0, 0, 0, 0, 0, 0, 0, 0, 0),
(7, 260, 271, 1, 'Rabu', '2020-02-12', 1255000, 500000, 0, 0, 0, 0, 0, 0, 0, 0, 0),
(8, 260, 289, 7, 'Minggu', '2020-03-01', 10000000, 20000000, 30000000, 20000000, 20000000, 0, 0, 0, 0, 0, 0),
(9, 260, 272, 1, 'Minggu', '2020-02-16', 1250000, 0, 0, 0, 0, 0, 0, 0, 0, 0, 0),
(10, 260, 272, 1, 'Senin', '2020-02-17', 1450000, 0, 0, 0, 0, 0, 0, 0, 0, 0, 0),
(11, 260, 271, 1, 'Kamis', '2020-02-13', 1500000, 0, 0, 0, 0, 0, 0, 0, 0, 0, 0),
(12, 260, 271, 1, 'Jumat', '2020-02-14', 1250000, 0, 0, 0, 0, 0, 0, 0, 0, 0, 0),
(13, 260, 290, 1, 'Minggu', '2020-03-08', 1200000, 0, 0, 0, 0, 0, 0, 0, 0, 0, 0);

-- --------------------------------------------------------

--
-- Table structure for table `credit_set_ongkos_belanja`
--

CREATE TABLE `credit_set_ongkos_belanja` (
  `id_set_ongkos_belanja` int(11) NOT NULL,
  `id_user` int(11) NOT NULL,
  `id_set` int(11) NOT NULL,
  `ongkos` float NOT NULL
) ENGINE=InnoDB DEFAULT CHARSET=latin1;

--
-- Dumping data for table `credit_set_ongkos_belanja`
--

INSERT INTO `credit_set_ongkos_belanja` (`id_set_ongkos_belanja`, `id_user`, `id_set`, `ongkos`) VALUES
(1, 2, 1, 20000),
(3, 23, 9, 200000),
(4, 27, 10, 200000),
(8, 22, 14, 200000),
(9, 24, 16, 200000),
(10, 25, 15, 200000),
(11, 20, 12, 200000),
(21, 182, 25, 0),
(23, 161, 30, 200000),
(24, 149, 31, 220000),
(25, 222, 33, 0),
(26, 182, 26, 200000),
(27, 183, 28, 200000),
(28, 223, 36, 100000),
(29, 161, 41, 200000),
(30, 149, 39, 220000),
(31, 182, 34, 200000),
(32, 222, 38, 0),
(33, 183, 37, 200000),
(34, 181, 35, 200000),
(35, 161, 42, 200000),
(36, 223, 43, 0),
(37, 222, 47, 0),
(38, 149, 48, 220000),
(39, 181, 40, 200000),
(40, 181, 44, 200000),
(41, 182, 45, 200000),
(42, 183, 46, 200000),
(43, 161, 50, 0),
(45, 223, 49, 0),
(46, 181, 54, 0),
(47, 182, 51, 0),
(48, 181, 65, 200000),
(49, 222, 64, 0),
(50, 223, 57, 100000),
(51, 182, 58, 200000),
(52, 149, 60, 220000),
(53, 161, 63, 200000),
(54, 183, 59, 200000),
(55, 161, 71, 200000),
(56, 183, 70, 200000),
(57, 182, 69, 200000),
(58, 223, 67, 100000),
(59, 222, 68, 0),
(60, 149, 66, 220000),
(61, 181, 72, 200000),
(62, 161, 78, 200000),
(63, 183, 77, 200000),
(64, 222, 76, 0),
(65, 182, 80, 200000),
(66, 223, 73, 0),
(67, 149, 79, 220000),
(68, 181, 75, 200000),
(69, 161, 85, 0),
(70, 222, 81, 0),
(71, 182, 86, 0),
(72, 181, 84, 0),
(73, 183, 83, 0),
(74, 149, 88, 0),
(75, 223, 91, 100000),
(76, 182, 89, 200000),
(77, 181, 93, 200000),
(78, 149, 94, 220000),
(79, 161, 90, 200000),
(80, 183, 92, 200000),
(81, 222, 95, 0),
(82, 161, 96, 200000),
(83, 183, 99, 200000),
(84, 222, 97, 0),
(85, 223, 101, 40000),
(86, 181, 103, 200000),
(87, 149, 102, 220000),
(88, 182, 98, 200000),
(89, 161, 109, 200000),
(90, 182, 105, 200000),
(91, 223, 108, 40000),
(92, 222, 106, 100000),
(93, 183, 104, 200000),
(94, 149, 110, 220000),
(95, 181, 107, 200000),
(96, 183, 112, 200000),
(97, 182, 116, 200000),
(98, 222, 113, 100000),
(99, 223, 114, 40000),
(100, 181, 117, 200000),
(101, 149, 111, 220000),
(102, 161, 115, 200000),
(103, 183, 119, 0),
(104, 223, 120, 0),
(105, 181, 125, 0),
(106, 161, 124, 0),
(107, 183, 129, 200000),
(108, 223, 127, 40000),
(109, 222, 126, 100000),
(110, 182, 128, 200000),
(111, 149, 131, 220000),
(112, 181, 132, 200000),
(113, 161, 130, 200000),
(114, 183, 138, 200000),
(115, 161, 134, 200000),
(116, 223, 133, 100000),
(117, 149, 136, 200000),
(118, 182, 140, 200000),
(119, 181, 139, 200000),
(120, 222, 137, 0),
(121, 183, 148, 200000),
(122, 182, 145, 200000),
(123, 222, 143, 0),
(124, 223, 144, 100000),
(125, 181, 147, 200000),
(126, 161, 141, 200000),
(127, 149, 146, 200000),
(128, 222, 153, 0),
(129, 183, 150, 200000),
(130, 223, 149, 100000),
(131, 182, 152, 200000),
(132, 161, 151, 200000),
(133, 149, 154, 200000),
(134, 181, 155, 200000),
(135, 161, 158, 0),
(136, 183, 157, 0),
(137, 222, 156, 0),
(138, 182, 161, 0),
(139, 181, 159, 0),
(140, 161, 163, 200000),
(141, 183, 168, 200000),
(142, 223, 165, 100000),
(143, 182, 164, 200000),
(144, 222, 166, 0),
(145, 149, 169, 200000),
(146, 181, 167, 200000),
(147, 222, 171, 0),
(148, 223, 172, 100000),
(149, 182, 174, 200000),
(150, 149, 176, 200000),
(151, 161, 175, 200000),
(152, 181, 170, 200000),
(153, 183, 173, 200000),
(154, 161, 178, 200000),
(155, 182, 181, 200000),
(156, 223, 180, 100000),
(157, 149, 184, 200000),
(158, 222, 182, 0),
(159, 181, 186, 200000),
(160, 183, 183, 200000),
(161, 161, 193, 200000),
(162, 182, 191, 200000),
(163, 223, 187, 100000),
(164, 149, 190, 200000),
(165, 183, 189, 200000),
(166, 181, 192, 200000),
(167, 161, 199, 0),
(168, 182, 195, 0),
(169, 223, 196, 0),
(170, 181, 198, 0),
(171, 183, 197, 0),
(172, 161, 202, 200000),
(173, 183, 205, 200000),
(174, 182, 203, 200000),
(175, 223, 200, 100000),
(176, 149, 204, 200000),
(177, 181, 201, 200000),
(178, 161, 212, 200000),
(179, 182, 208, 200000),
(180, 181, 211, 200000),
(181, 223, 206, 100000),
(182, 183, 207, 200000),
(183, 149, 209, 200000),
(184, 223, 214, 100000),
(185, 149, 218, 200000),
(186, 182, 215, 200000),
(187, 183, 213, 200000),
(188, 161, 217, 200000),
(189, 181, 216, 200000),
(190, 161, 222, 0),
(191, 223, 220, 0),
(192, 181, 226, 0),
(193, 182, 223, 0),
(194, 183, 221, 0),
(195, 223, 228, 100000),
(196, 161, 232, 200000),
(197, 183, 230, 200000),
(198, 181, 231, 200000),
(199, 182, 227, 200000),
(200, 149, 229, 200000),
(201, 223, 235, 100000),
(202, 149, 238, 200000),
(203, 182, 233, 200000),
(204, 181, 234, 200000),
(205, 161, 237, 200000),
(206, 183, 236, 200000),
(207, 223, 239, 100000),
(208, 182, 241, 200000),
(209, 181, 240, 200000),
(210, 149, 245, 200000),
(211, 161, 242, 200000),
(212, 183, 243, 200000),
(213, 223, 246, 0),
(214, 182, 249, 0),
(215, 183, 248, 0),
(216, 181, 247, 0),
(217, 161, 251, 0),
(218, 223, 253, 100000),
(219, 183, 257, 200000),
(220, 182, 254, 200000),
(221, 161, 252, 200000),
(222, 181, 255, 200000),
(223, 149, 256, 200000),
(224, 223, 258, 100000),
(225, 182, 259, 200000),
(226, 183, 263, 200000),
(227, 161, 262, 200000),
(228, 149, 260, 200000),
(229, 181, 261, 200000),
(230, 260, 271, 200000),
(231, 260, 289, 200000);

-- --------------------------------------------------------

--
-- Table structure for table `credit_set_penggajian`
--

CREATE TABLE `credit_set_penggajian` (
  `id_set_penggajian` int(11) NOT NULL,
  `id_user` int(11) NOT NULL,
  `gaji_sales` float NOT NULL,
  `gaji_team_leader_1` float NOT NULL,
  `gaji_team_leader_2` float NOT NULL,
  `gaji_grouf_leader` float NOT NULL
) ENGINE=InnoDB DEFAULT CHARSET=latin1;

--
-- Dumping data for table `credit_set_penggajian`
--

INSERT INTO `credit_set_penggajian` (`id_set_penggajian`, `id_user`, `gaji_sales`, `gaji_team_leader_1`, `gaji_team_leader_2`, `gaji_grouf_leader`) VALUES
(2, 2, 10, 2.5, 2.5, 1.25),
(3, 4, 10, 2.25, 2.25, 1),
(4, 23, 10, 2, 2, 1),
(5, 27, 10, 2.25, 0, 1),
(6, 20, 10, 2.25, 2.25, 1),
(7, 21, 10, 2.25, 2.25, 1),
(8, 22, 10, 2.25, 2.25, 1),
(9, 25, 10, 2, 2, 1),
(10, 24, 10, 2.25, 2.25, 1),
(11, 149, 10, 2.25, 2.25, 1),
(12, 161, 10, 2.25, 0, 1),
(13, 181, 10, 0, 0, 5),
(14, 183, 10, 0, 0, 2),
(15, 182, 10, 0, 2, 1),
(16, 222, 10, 0, 0, 1),
(18, 223, 10, 0, 0, 1),
(19, 260, 10, 1, 1, 0.6);

-- --------------------------------------------------------

--
-- Table structure for table `credit_user`
--

CREATE TABLE `credit_user` (
  `id_user` int(11) NOT NULL,
  `id_lapangan` int(11) NOT NULL,
  `id_cabang` int(11) NOT NULL,
  `namauser` varchar(100) NOT NULL,
  `username` varchar(100) NOT NULL,
  `password` varchar(100) NOT NULL,
  `jabatan` varchar(50) NOT NULL,
  `jk` enum('Laki-laki','Perempuan') NOT NULL,
  `tempat_lahir` varchar(50) NOT NULL,
  `tanggal_lahir` date NOT NULL,
  `alamat` varchar(150) NOT NULL,
  `no_tlp` varchar(15) NOT NULL,
  `email` varchar(60) NOT NULL,
  `level_user` enum('Admin','Operator','-') NOT NULL,
  `status_user` enum('Aktif','Nonaktif') NOT NULL,
  `login_time` time NOT NULL,
  `logout_time` time NOT NULL
) ENGINE=InnoDB DEFAULT CHARSET=latin1;

--
-- Dumping data for table `credit_user`
--

INSERT INTO `credit_user` (`id_user`, `id_lapangan`, `id_cabang`, `namauser`, `username`, `password`, `jabatan`, `jk`, `tempat_lahir`, `tanggal_lahir`, `alamat`, `no_tlp`, `email`, `level_user`, `status_user`, `login_time`, `logout_time`) VALUES
(1, 0, 0, 'Mr XYZ Admin', 'admin', '0192023a7bbd73250516f069df18b500', 'Owner', 'Laki-laki', 'Majalengka', '1980-01-01', 'Majalengka, Jawa Barat', '085624712566', 'dederamdan94@gmail.com', 'Admin', 'Aktif', '07:48:24', '07:48:55'),
(260, 0, 1, 'Dede', 'operator', '0192023a7bbd73250516f069df18b500', 'Karyawan Biasa', 'Perempuan', 'Majalengka', '2020-02-09', 'Majalengka', '085624712567', 'adieimannurzaman@gmail.com', 'Operator', 'Aktif', '07:49:00', '07:49:21'),
(262, 1, 1, 'Fajar', 'sales1', '0192023a7bbd73250516f069df18b500', 'Sales', 'Laki-laki', 'Majalengka', '2020-03-05', 'Kecamatan Maja', '085624712566', 'de.eva.010192@gmail.com', '-', 'Aktif', '01:57:39', '01:58:09'),
(263, 2, 1, 'Anugrah', 'sales2', '4acb4bc224acbbe3c2bfdcaa39a4324e', 'Sales', 'Laki-laki', 'Majalengka', '2020-03-06', 'Maja, Majalengka', '085624712566', 'a.imannurzaman@live.com', '-', 'Aktif', '08:50:12', '00:00:00'),
(264, 3, 1, 'Maula', 'sales3', '4acb4bc224acbbe3c2bfdcaa39a4324e', 'Sales', 'Laki-laki', 'Majalengka', '2020-02-11', 'Kecamatan Maja', '085624712566', 'adieimannurzaman@senjamaja.id', '-', 'Aktif', '12:55:47', '00:00:00');

--
-- Indexes for dumped tables
--

--
-- Indexes for table `credit_kasbon`
--
ALTER TABLE `credit_kasbon`
  ADD PRIMARY KEY (`id_kasbon`);

--
-- Indexes for table `credit_rincian_biaya_op`
--
ALTER TABLE `credit_rincian_biaya_op`
  ADD PRIMARY KEY (`id_rincian`);

--
-- Indexes for table `credit_set_biaya_op`
--
ALTER TABLE `credit_set_biaya_op`
  ADD PRIMARY KEY (`id_set_biaya_op`);

--
-- Indexes for table `credit_set_cabang`
--
ALTER TABLE `credit_set_cabang`
  ADD PRIMARY KEY (`id_cabang`);

--
-- Indexes for table `credit_set_gaji_al`
--
ALTER TABLE `credit_set_gaji_al`
  ADD PRIMARY KEY (`id_set_gaji_al`);

--
-- Indexes for table `credit_set_gaji_tm`
--
ALTER TABLE `credit_set_gaji_tm`
  ADD PRIMARY KEY (`id_set_gaji_tm`);

--
-- Indexes for table `credit_set_input`
--
ALTER TABLE `credit_set_input`
  ADD PRIMARY KEY (`id_set`);

--
-- Indexes for table `credit_set_jumlah_lapangan`
--
ALTER TABLE `credit_set_jumlah_lapangan`
  ADD PRIMARY KEY (`id_jumlah`);

--
-- Indexes for table `credit_set_omzet`
--
ALTER TABLE `credit_set_omzet`
  ADD PRIMARY KEY (`id_omzet`);

--
-- Indexes for table `credit_set_ongkos_belanja`
--
ALTER TABLE `credit_set_ongkos_belanja`
  ADD PRIMARY KEY (`id_set_ongkos_belanja`);

--
-- Indexes for table `credit_set_penggajian`
--
ALTER TABLE `credit_set_penggajian`
  ADD PRIMARY KEY (`id_set_penggajian`);

--
-- Indexes for table `credit_user`
--
ALTER TABLE `credit_user`
  ADD PRIMARY KEY (`id_user`),
  ADD UNIQUE KEY `username` (`username`),
  ADD UNIQUE KEY `email` (`email`);

--
-- AUTO_INCREMENT for dumped tables
--

--
-- AUTO_INCREMENT for table `credit_kasbon`
--
ALTER TABLE `credit_kasbon`
  MODIFY `id_kasbon` int(11) NOT NULL AUTO_INCREMENT, AUTO_INCREMENT=3;

--
-- AUTO_INCREMENT for table `credit_rincian_biaya_op`
--
ALTER TABLE `credit_rincian_biaya_op`
  MODIFY `id_rincian` int(11) NOT NULL AUTO_INCREMENT, AUTO_INCREMENT=1928;

--
-- AUTO_INCREMENT for table `credit_set_biaya_op`
--
ALTER TABLE `credit_set_biaya_op`
  MODIFY `id_set_biaya_op` int(11) NOT NULL AUTO_INCREMENT, AUTO_INCREMENT=241;

--
-- AUTO_INCREMENT for table `credit_set_cabang`
--
ALTER TABLE `credit_set_cabang`
  MODIFY `id_cabang` int(11) NOT NULL AUTO_INCREMENT, AUTO_INCREMENT=8;

--
-- AUTO_INCREMENT for table `credit_set_gaji_al`
--
ALTER TABLE `credit_set_gaji_al`
  MODIFY `id_set_gaji_al` int(11) NOT NULL AUTO_INCREMENT, AUTO_INCREMENT=18;

--
-- AUTO_INCREMENT for table `credit_set_gaji_tm`
--
ALTER TABLE `credit_set_gaji_tm`
  MODIFY `id_set_gaji_tm` int(11) NOT NULL AUTO_INCREMENT, AUTO_INCREMENT=247;

--
-- AUTO_INCREMENT for table `credit_set_input`
--
ALTER TABLE `credit_set_input`
  MODIFY `id_set` int(11) NOT NULL AUTO_INCREMENT, AUTO_INCREMENT=291;

--
-- AUTO_INCREMENT for table `credit_set_jumlah_lapangan`
--
ALTER TABLE `credit_set_jumlah_lapangan`
  MODIFY `id_jumlah` int(11) NOT NULL AUTO_INCREMENT, AUTO_INCREMENT=20;

--
-- AUTO_INCREMENT for table `credit_set_omzet`
--
ALTER TABLE `credit_set_omzet`
  MODIFY `id_omzet` int(11) NOT NULL AUTO_INCREMENT, AUTO_INCREMENT=14;

--
-- AUTO_INCREMENT for table `credit_set_ongkos_belanja`
--
ALTER TABLE `credit_set_ongkos_belanja`
  MODIFY `id_set_ongkos_belanja` int(11) NOT NULL AUTO_INCREMENT, AUTO_INCREMENT=232;

--
-- AUTO_INCREMENT for table `credit_set_penggajian`
--
ALTER TABLE `credit_set_penggajian`
  MODIFY `id_set_penggajian` int(11) NOT NULL AUTO_INCREMENT, AUTO_INCREMENT=20;

--
-- AUTO_INCREMENT for table `credit_user`
--
ALTER TABLE `credit_user`
  MODIFY `id_user` int(11) NOT NULL AUTO_INCREMENT, AUTO_INCREMENT=265;
COMMIT;

/*!40101 SET CHARACTER_SET_CLIENT=@OLD_CHARACTER_SET_CLIENT */;
/*!40101 SET CHARACTER_SET_RESULTS=@OLD_CHARACTER_SET_RESULTS */;
/*!40101 SET COLLATION_CONNECTION=@OLD_COLLATION_CONNECTION */;
